18260,547,2019-09-07,2019-10-07
18261,781,2018-05-18,2018-06-18
18262,686,2019-09-06,2019-10-06
18263,93,2021-07-15,2021-08-15
18264,325,2018-09-10,2018-10-10
18265,797,2021-05-02,2021-06-02
18266,335,2019-09-08,2019-10-08
18267,201,2018-09-26,2018-10-26
18268,807,2021-05-19,2021-06-19
18269,423,2021-05-05,2021-06-05
18270,789,2018-08-18,2018-09-18
18271,117,2020-05-02,2020-06-02
18272,19,2020-06-06,2020-07-06
18273,808,2020-07-29,2020-08-29
18274,267,2020-05-31,2020-06-30
18275,372,2019-07-04,2019-08-04
18276,47,2021-07-29,2021-08-29
18277,361,2020-06-15,2020-07-15
18278,394,2020-05-12,2020-06-12
18279,456,2019-06-26,2019-07-26
18280,615,2019-05-24,2019-06-24
18281,398,2018-07-28,2018-08-28
18282,536,2020-05-08,2020-06-08
18283,309,2021-05-12,2021-06-12
18284,584,2020-06-26,2020-07-26
18285,761,2018-05-25,2018-06-25
18287,526,2019-05-21,2019-06-21
18288,670,2021-06-06,2021-07-06
18289,154,2019-07-18,2019-08-18
18290,574,2020-08-07,2020-09-07
18292,861,2020-08-15,2020-09-15
18293,388,2021-06-07,2021-07-07
18294,352,2019-09-11,2019-10-11
18295,571,2019-05-22,2019-06-22
18297,499,2020-06-23,2020-07-23
18298,493,2018-07-10,2018-08-10
18299,567,2018-09-24,2018-10-24
18300,45,2020-09-08,2020-10-08
18301,772,2020-09-22,2020-10-22
18302,862,2019-05-27,2019-06-27
18303,95,2018-09-23,2018-10-23
18304,516,2019-07-18,2019-08-18
18305,354,2021-08-25,2021-09-25
18306,349,2019-06-23,2019-07-23
18309,192,2021-06-19,2021-07-19
18310,71,2018-07-31,2018-08-31
18312,643,2021-06-05,2021-07-05
18313,588,2020-05-05,2020-06-05
18315,720,2021-05-27,2021-06-27
18316,316,2021-09-15,2021-10-15
18317,671,2021-09-17,2021-10-17
18318,756,2020-08-09,2020-09-09
18319,221,2018-06-25,2018-07-25
18320,247,2018-05-17,2018-06-17
18321,479,2020-07-05,2020-08-05
18322,102,2018-09-26,2018-10-26
18323,202,2019-07-14,2019-08-14
18324,558,2020-08-15,2020-09-15
18325,457,2018-06-19,2018-07-19
18326,809,2020-06-13,2020-07-13
18327,572,2019-07-31,2019-08-31
18328,62,2021-05-23,2021-06-23
18329,499,2020-08-23,2020-09-23
18330,145,2019-08-28,2019-09-28
18331,744,2020-07-01,2020-08-01
18332,862,2019-07-27,2019-08-27
18333,665,2019-08-18,2019-09-18
18334,827,2019-05-12,2019-06-12
18335,742,2021-05-09,2021-06-09
18336,817,2018-06-29,2018-07-29
18337,463,2018-05-07,2018-06-07
18339,801,2018-05-10,2018-06-10
18340,865,2020-05-16,2020-06-16
18341,339,2021-05-09,2021-06-09
18342,721,2021-05-18,2021-06-18
18343,280,2018-05-11,2018-06-11
18344,498,2021-07-22,2021-08-22
18345,761,2018-07-25,2018-08-25
18346,549,2020-09-25,2020-10-25
18347,237,2020-09-10,2020-10-10
18348,769,2020-05-06,2020-06-06
18349,776,2021-08-22,2021-09-22
18350,737,2020-05-28,2020-06-28
18351,428,2021-07-25,2021-08-25
18352,815,2020-08-28,2020-09-28
18353,444,2018-08-25,2018-09-25
18355,525,2018-08-04,2018-09-04
18356,596,2021-09-20,2021-10-20
18357,527,2021-07-03,2021-08-03
18358,307,2021-08-04,2021-09-04
18359,94,2019-07-27,2019-08-27
18360,411,2021-07-24,2021-08-24
18361,760,2020-05-17,2020-06-17
18362,234,2020-07-28,2020-08-28
18363,258,2019-08-06,2019-09-06
18364,265,2019-05-12,2019-06-12
18365,610,2018-09-26,2018-10-26
18367,236,2018-07-17,2018-08-17
18368,527,2021-09-03,2021-10-03
18369,661,2021-08-06,2021-09-06
18370,282,2020-06-22,2020-07-22
18371,324,2018-05-12,2018-06-12
18372,764,2019-08-18,2019-09-18
18373,783,2020-08-06,2020-09-06
18374,141,2021-05-26,2021-06-26
18375,390,2020-09-08,2020-10-08
18377,523,2020-07-12,2020-08-12
18378,462,2018-06-12,2018-07-12
18379,365,2021-09-26,2021-10-26
18380,148,2020-07-01,2020-08-01
18381,442,2018-06-26,2018-07-26
18382,748,2021-09-12,2021-10-12
18383,49,2019-06-17,2019-07-17
18384,241,2020-08-02,2020-09-02
18385,158,2018-09-27,2018-10-27
18386,66,2019-05-06,2019-06-06
18387,376,2020-07-31,2020-08-31
18389,595,2018-05-17,2018-06-17
18391,559,2021-09-09,2021-10-09
18392,412,2020-08-12,2020-09-12
18393,820,2018-05-31,2018-06-30
18394,534,2018-08-31,2018-09-30
18395,117,2020-07-02,2020-08-02
18397,873,2019-09-10,2019-10-10
18398,63,2019-07-07,2019-08-07
18399,879,2019-06-06,2019-07-06
18400,226,2018-06-05,2018-07-05
18401,465,2021-06-27,2021-07-27
18402,425,2019-09-17,2019-10-17
18403,81,2019-05-06,2019-06-06
18404,274,2021-05-21,2021-06-21
18405,878,2021-05-17,2021-06-17
18406,169,2019-08-24,2019-09-24
18408,402,2018-08-19,2018-09-19
18409,262,2021-07-03,2021-08-03
18410,375,2019-08-18,2019-09-18
18411,197,2020-05-29,2020-06-29
18412,795,2021-05-04,2021-06-04
18413,749,2019-08-24,2019-09-24
18414,679,2020-09-18,2020-10-18
18416,301,2018-05-12,2018-06-12
18417,328,2021-05-19,2021-06-19
18418,312,2019-05-09,2019-06-09
18419,769,2020-07-06,2020-08-06
18420,598,2020-08-06,2020-09-06
18421,621,2021-06-12,2021-07-12
18422,543,2018-06-22,2018-07-22
18423,498,2021-09-22,2021-10-22
18424,567,2019-05-24,2019-06-24
18426,310,2018-08-18,2018-09-18
18427,697,2021-06-08,2021-07-08
18429,793,2019-05-24,2019-06-24
18430,437,2020-09-28,2020-10-28
18431,717,2019-09-22,2019-10-22
18432,865,2020-07-16,2020-08-16
18433,389,2019-07-12,2019-08-12
18434,338,2020-05-13,2020-06-13
18435,117,2020-09-02,2020-10-02
18436,214,2021-07-17,2021-08-17
18437,585,2019-06-23,2019-07-23
18438,620,2021-08-20,2021-09-20
18440,33,2020-05-26,2020-06-26
18441,897,2020-05-16,2020-06-16
18442,108,2021-07-23,2021-08-23
18443,803,2018-09-04,2018-10-04
18444,847,2019-05-24,2019-06-24
18445,749,2020-05-24,2020-06-24
18446,882,2019-08-15,2019-09-15
18447,183,2021-07-27,2021-08-27
18448,658,2021-07-28,2021-08-28
18450,897,2020-07-16,2020-08-16
18451,702,2019-05-07,2019-06-07
18452,360,2018-05-15,2018-06-15
18453,194,2019-05-02,2019-06-02
18454,267,2020-07-30,2020-08-30
18455,762,2019-05-09,2019-06-09
18456,606,2020-06-14,2020-07-14
18457,290,2020-05-05,2020-06-05
18458,181,2019-05-23,2019-06-23
18459,855,2021-08-28,2021-09-28
18461,817,2018-08-29,2018-09-29
18462,164,2020-05-22,2020-06-22
18463,510,2019-05-11,2019-06-11
18465,500,2020-05-13,2020-06-13
18468,575,2018-08-11,2018-09-11
18469,45,2021-05-08,2021-06-08
18470,658,2021-09-28,2021-10-28
18471,718,2021-09-17,2021-10-17
18472,180,2021-07-29,2021-08-29
18473,884,2019-08-10,2019-09-10
18474,345,2018-07-06,2018-08-06
18475,603,2020-06-04,2020-07-04
18476,710,2021-09-03,2021-10-03
18477,64,2020-06-22,2020-07-22
18478,475,2018-06-09,2018-07-09
18479,193,2018-09-27,2018-10-27
18482,594,2021-05-08,2021-06-08
18483,663,2020-05-26,2020-06-26
18484,637,2020-05-11,2020-06-11
18485,314,2018-05-18,2018-06-18
18487,170,2019-05-14,2019-06-14
18489,851,2020-09-22,2020-10-22
18490,517,2021-06-20,2021-07-20
18491,476,2018-09-13,2018-10-13
18492,531,2021-08-24,2021-09-24
18493,594,2021-07-08,2021-08-08
18494,721,2021-07-18,2021-08-18
18495,556,2021-09-03,2021-10-03
18496,133,2019-09-15,2019-10-15
18497,405,2021-05-23,2021-06-23
18498,826,2021-08-12,2021-09-12
18499,867,2019-08-31,2019-09-30
18500,19,2020-08-06,2020-09-06
18501,444,2019-05-25,2019-06-25
18502,513,2019-06-07,2019-07-07
18503,34,2019-06-03,2019-07-03
18504,47,2021-09-29,2021-10-29
18506,466,2019-09-27,2019-10-27
18507,331,2020-09-26,2020-10-26
18508,257,2020-05-15,2020-06-15
18509,167,2018-08-19,2018-09-19
18510,592,2020-07-08,2020-08-08
18511,518,2019-09-09,2019-10-09
18512,362,2021-07-06,2021-08-06
18513,97,2019-07-31,2019-08-31
18515,396,2019-05-15,2019-06-15
18516,705,2019-08-09,2019-09-09
18517,192,2021-08-19,2021-09-19
18518,187,2020-07-20,2020-08-20
18519,241,2021-05-02,2021-06-02
18520,622,2020-09-09,2020-10-09
18521,64,2020-08-22,2020-09-22
18522,92,2021-08-04,2021-09-04
18523,713,2021-05-16,2021-06-16
18525,106,2019-09-05,2019-10-05
18526,280,2018-07-11,2018-08-11
18527,551,2021-07-11,2021-08-11
18528,249,2020-05-15,2020-06-15
18529,91,2021-05-26,2021-06-26
18530,24,2020-07-17,2020-08-17
18531,719,2019-09-19,2019-10-19
18532,148,2020-09-01,2020-10-01
18534,510,2019-07-11,2019-08-11
18535,472,2019-07-23,2019-08-23
18537,41,2021-09-07,2021-10-07
18538,425,2020-05-17,2020-06-17
18539,161,2021-06-23,2021-07-23
18540,774,2018-07-05,2018-08-05
18541,12,2020-05-27,2020-06-27
18542,708,2020-06-18,2020-07-18
18543,813,2021-06-21,2021-07-21
18544,377,2018-05-13,2018-06-13
18545,435,2021-06-29,2021-07-29
18546,476,2019-05-13,2019-06-13
18547,158,2019-05-27,2019-06-27
18548,287,2020-07-23,2020-08-23
18549,325,2019-05-10,2019-06-10
18550,900,2021-08-27,2021-09-27
18551,511,2018-08-07,2018-09-07
18553,528,2019-05-14,2019-06-14
18554,799,2018-08-02,2018-09-02
18555,89,2021-07-16,2021-08-16
18556,766,2020-09-14,2020-10-14
18558,89,2021-09-16,2021-10-16
18559,845,2019-07-11,2019-08-11
18561,487,2021-09-17,2021-10-17
18562,567,2019-07-24,2019-08-24
18563,122,2020-09-13,2020-10-13
18564,473,2019-05-01,2019-06-01
18565,554,2020-07-21,2020-08-21
18567,21,2018-08-31,2018-09-30
18568,189,2020-05-15,2020-06-15
18570,19,2021-05-06,2021-06-06
18571,543,2018-08-22,2018-09-22
18572,890,2021-06-29,2021-07-29
18573,173,2021-06-30,2021-07-31
18574,53,2018-08-17,2018-09-17
18575,720,2021-07-27,2021-08-27
18576,120,2020-05-02,2020-06-02
18577,393,2018-04-30,2018-05-31
18578,845,2019-09-11,2019-10-11
18579,215,2021-09-10,2021-10-10
18580,885,2019-05-22,2019-06-22
18581,439,2020-09-01,2020-10-01
18582,514,2021-05-04,2021-06-04
18583,28,2019-06-24,2019-07-24
18585,543,2019-05-22,2019-06-22
18586,148,2021-05-01,2021-06-01
18587,250,2019-05-02,2019-06-02
18588,270,2018-05-28,2018-06-28
18589,122,2021-05-13,2021-06-13
18590,778,2020-06-02,2020-07-02
18591,501,2020-06-07,2020-07-07
18592,480,2018-06-03,2018-07-03
18593,115,2020-07-08,2020-08-08
18594,44,2018-08-16,2018-09-16
18595,225,2019-05-18,2019-06-18
18596,13,2019-05-25,2019-06-25
18597,497,2021-05-20,2021-06-20
18598,475,2018-08-09,2018-09-09
18599,579,2021-05-18,2021-06-18
18600,763,2019-08-16,2019-09-16
18601,771,2018-05-25,2018-06-25
18602,156,2018-06-28,2018-07-28
18603,809,2020-08-13,2020-09-13
18605,169,2020-05-24,2020-06-24
18606,419,2019-04-30,2019-05-31
18608,679,2021-05-18,2021-06-18
18609,561,2018-08-10,2018-09-10
18610,271,2019-08-17,2019-09-17
18611,672,2020-08-09,2020-09-09
18612,679,2021-07-18,2021-08-18
18613,820,2018-07-30,2018-08-30
18614,58,2019-04-30,2019-05-31
18615,253,2021-06-25,2021-07-25
18616,245,2019-05-13,2019-06-13
18617,409,2018-05-23,2018-06-23
18618,263,2020-06-12,2020-07-12
18619,616,2020-07-31,2020-08-31
18620,540,2020-07-25,2020-08-25
18621,319,2018-08-24,2018-09-24
18622,471,2018-07-16,2018-08-16
18623,132,2019-09-19,2019-10-19
18625,432,2020-05-03,2020-06-03
18626,636,2019-05-06,2019-06-06
18627,580,2019-07-31,2019-08-31
18628,409,2018-07-23,2018-08-23
18631,872,2020-06-19,2020-07-19
18632,466,2020-05-27,2020-06-27
18633,848,2019-08-10,2019-09-10
18634,262,2021-09-03,2021-10-03
18636,15,2018-09-18,2018-10-18
18637,607,2019-09-21,2019-10-21
18639,337,2018-07-17,2018-08-17
18640,268,2021-05-03,2021-06-03
18641,845,2020-05-11,2020-06-11
18642,271,2020-05-17,2020-06-17
18643,864,2021-07-01,2021-08-01
18644,249,2020-07-15,2020-08-15
18645,735,2019-05-04,2019-06-04
18646,733,2020-07-15,2020-08-15
18647,577,2018-07-15,2018-08-15
18648,837,2018-09-18,2018-10-18
18649,821,2018-08-20,2018-09-20
18650,867,2020-05-30,2020-06-30
18651,478,2018-08-04,2018-09-04
18652,163,2021-08-13,2021-09-13
18653,645,2021-05-26,2021-06-26
18654,403,2018-07-31,2018-08-31
18655,48,2018-05-08,2018-06-08
18656,406,2021-07-14,2021-08-14
18657,218,2021-05-09,2021-06-09
18658,767,2020-07-29,2020-08-29
18659,702,2019-07-07,2019-08-07
18660,249,2020-09-15,2020-10-15
18661,486,2018-09-10,2018-10-10
18663,74,2019-06-16,2019-07-16
18665,211,2020-06-21,2020-07-21
18666,625,2020-07-08,2020-08-08
18667,805,2020-09-06,2020-10-06
18668,198,2018-05-29,2018-06-29
18669,112,2020-07-01,2020-08-01
18671,371,2020-09-09,2020-10-09
18672,544,2018-08-25,2018-09-25
18673,595,2018-07-17,2018-08-17
18674,115,2020-09-08,2020-10-08
18675,87,2021-09-08,2021-10-08
18676,562,2019-08-15,2019-09-15
18677,17,2018-05-09,2018-06-09
18678,68,2019-05-25,2019-06-25
18679,428,2021-09-25,2021-10-25
18680,543,2019-07-22,2019-08-22
18681,564,2019-09-03,2019-10-03
18682,607,2020-05-21,2020-06-21
18683,520,2019-08-19,2019-09-19
18684,156,2018-08-28,2018-09-28
18685,379,2020-05-07,2020-06-07
18686,143,2020-05-15,2020-06-15
18687,164,2020-07-22,2020-08-22
18688,16,2018-06-07,2018-07-07
18689,599,2020-07-26,2020-08-26
18690,283,2019-05-21,2019-06-21
18691,898,2021-09-26,2021-10-26
18692,263,2020-08-12,2020-09-12
18694,399,2021-08-28,2021-09-28
18695,843,2021-06-02,2021-07-02
18696,442,2018-08-26,2018-09-26
18698,768,2019-08-08,2019-09-08
18699,379,2020-07-07,2020-08-07
18700,22,2019-07-09,2019-08-09
18701,216,2018-07-27,2018-08-27
18702,230,2018-08-14,2018-09-14
18703,256,2021-07-11,2021-08-11
18704,879,2019-08-06,2019-09-06
18705,732,2020-05-14,2020-06-14
18706,821,2019-05-20,2019-06-20
18707,504,2020-08-17,2020-09-17
18708,650,2020-07-20,2020-08-20
18709,508,2018-08-15,2018-09-15
18710,359,2018-07-14,2018-08-14
18711,590,2020-06-23,2020-07-23
18712,464,2018-05-21,2018-06-21
18713,267,2020-09-30,2020-10-30
18714,792,2021-08-12,2021-09-12
18717,292,2018-06-23,2018-07-23
18718,37,2018-09-27,2018-10-27
18719,391,2020-09-23,2020-10-23
18720,95,2019-05-23,2019-06-23
18721,678,2021-05-16,2021-06-16
18723,737,2020-07-28,2020-08-28
18724,807,2021-07-19,2021-08-19
18725,68,2019-07-25,2019-08-25
18726,61,2021-05-07,2021-06-07
18727,289,2020-06-26,2020-07-26
18728,677,2019-06-27,2019-07-27
18729,684,2019-08-01,2019-09-01
18730,818,2020-07-05,2020-08-05
18731,153,2020-08-11,2020-09-11
18732,322,2019-05-22,2019-06-22
18733,124,2020-05-04,2020-06-04
18734,287,2020-09-23,2020-10-23
18735,892,2020-06-24,2020-07-24
18736,74,2019-08-16,2019-09-16
18737,201,2019-05-26,2019-06-26
18738,158,2019-07-27,2019-08-27
18739,705,2020-05-09,2020-06-09
18741,327,2019-05-20,2019-06-20
18742,704,2021-07-17,2021-08-17
18743,647,2021-09-22,2021-10-22
18744,173,2021-08-31,2021-10-01
18745,552,2019-05-23,2019-06-23
18747,346,2021-07-19,2021-08-19
18748,851,2021-05-22,2021-06-22
18749,702,2019-09-07,2019-10-07
18750,20,2018-08-15,2018-09-15
18751,353,2021-07-04,2021-08-04
18753,86,2020-07-26,2020-08-26
18754,298,2019-05-11,2019-06-11
18755,447,2019-07-10,2019-08-10
18756,165,2019-05-20,2019-06-20
18757,369,2021-07-04,2021-08-04
18758,362,2021-09-06,2021-10-06
18760,858,2018-05-12,2018-06-12
18761,486,2019-05-10,2019-06-10
18762,451,2020-05-05,2020-06-05
18764,528,2019-07-14,2019-08-14
18765,506,2021-06-14,2021-07-14
18768,329,2020-05-11,2020-06-11
18769,871,2018-07-08,2018-08-08
18770,846,2018-07-07,2018-08-07
18772,475,2019-05-09,2019-06-09
18773,196,2019-05-01,2019-06-01
18774,20,2019-05-15,2019-06-15
18775,842,2021-05-01,2021-06-01
18776,572,2019-10-01,2019-11-01
18777,421,2021-07-11,2021-08-11
18778,480,2018-08-03,2018-09-03
18779,807,2021-09-19,2021-10-19
18781,232,2021-06-29,2021-07-29
18782,771,2018-07-25,2018-08-25
18783,475,2019-07-09,2019-08-09
18784,33,2020-07-26,2020-08-26
18785,529,2021-05-12,2021-06-12
18787,386,2020-07-12,2020-08-12
18789,576,2019-09-26,2019-10-26
18790,53,2019-05-17,2019-06-17
18791,717,2020-05-22,2020-06-22
18792,104,2019-08-16,2019-09-16
18793,11,2020-05-06,2020-06-06
18794,871,2018-09-08,2018-10-08
18795,465,2021-08-27,2021-09-27
18796,287,2021-05-23,2021-06-23
18797,42,2020-09-27,2020-10-27
18798,33,2020-09-26,2020-10-26
18799,708,2020-08-18,2020-09-18
18801,388,2021-08-07,2021-09-07
18802,219,2018-06-29,2018-07-29
18803,504,2021-05-17,2021-06-17
18805,379,2020-09-07,2020-10-07
18807,117,2021-05-02,2021-06-02
18808,621,2021-08-12,2021-09-12
18809,153,2021-05-11,2021-06-11
18810,242,2019-08-20,2019-09-20
18811,454,2019-07-20,2019-08-20
18813,359,2018-09-14,2018-10-14
18814,767,2020-09-29,2020-10-29
18815,653,2018-07-10,2018-08-10
18816,880,2020-05-07,2020-06-07
18818,392,2018-06-04,2018-07-04
18819,326,2019-05-16,2019-06-16
18820,845,2020-07-11,2020-08-11
18821,73,2020-09-17,2020-10-17
18822,16,2018-08-07,2018-09-07
18823,239,2020-07-27,2020-08-27
18824,422,2018-08-01,2018-09-01
18825,514,2021-07-04,2021-08-04
18826,458,2020-09-13,2020-10-13
18827,387,2021-05-01,2021-06-01
18828,376,2020-10-01,2020-11-01
18829,863,2021-06-22,2021-07-22
18830,383,2019-05-18,2019-06-18
18831,834,2019-05-28,2019-06-28
18832,353,2021-09-04,2021-10-04
18833,195,2018-09-29,2018-10-29
18834,295,2018-08-14,2018-09-14
18835,414,2021-05-18,2021-06-18
18836,599,2020-09-26,2020-10-26
18837,72,2020-05-18,2020-06-18
18838,477,2020-07-24,2020-08-24
18839,76,2021-08-16,2021-09-16
18840,29,2020-06-02,2020-07-02
18841,893,2020-08-13,2020-09-13
18842,638,2020-07-02,2020-08-02
18843,380,2021-05-16,2021-06-16
18844,60,2020-05-03,2020-06-03
18845,553,2018-06-01,2018-07-01
18846,673,2021-05-09,2021-06-09
18847,476,2019-07-13,2019-08-13
18848,359,2019-05-14,2019-06-14
18850,235,2019-06-09,2019-07-09
18851,519,2019-07-06,2019-08-06
18852,707,2020-08-07,2020-09-07
18853,455,2019-09-04,2019-10-04
18856,268,2021-07-03,2021-08-03
18857,363,2021-07-12,2021-08-12
18858,501,2020-08-07,2020-09-07
18859,865,2020-09-16,2020-10-16
18860,692,2021-05-12,2021-06-12
18861,501,2021-05-07,2021-06-07
18862,635,2019-06-19,2019-07-19
18863,18,2021-05-09,2021-06-09
18864,817,2019-05-29,2019-06-29
18865,606,2020-08-14,2020-09-14
18866,617,2020-06-15,2020-07-15
18867,241,2021-07-02,2021-08-02
18868,731,2021-05-21,2021-06-21
18869,398,2018-09-28,2018-10-28
18870,128,2021-08-17,2021-09-17
18871,312,2019-07-09,2019-08-09
18872,853,2020-07-17,2020-08-17
18873,670,2021-08-06,2021-09-06
18874,463,2018-07-07,2018-08-07
18875,402,2019-05-19,2019-06-19
18876,150,2021-09-08,2021-10-08
18877,639,2021-07-23,2021-08-23
18878,857,2018-07-08,2018-08-08
18879,466,2020-07-27,2020-08-27
18880,831,2020-06-05,2020-07-05
18881,71,2018-10-01,2018-11-01
18882,453,2021-06-15,2021-07-15
18883,306,2020-06-27,2020-07-27
18884,412,2021-05-12,2021-06-12
18885,696,2019-06-17,2019-07-17
18886,663,2020-07-26,2020-08-26
18887,813,2021-08-21,2021-09-21
18888,664,2019-05-29,2019-06-29
18889,350,2021-06-16,2021-07-16
18891,646,2021-06-02,2021-07-02
18892,24,2020-09-17,2020-10-17
18893,332,2019-05-11,2019-06-11
18894,95,2019-07-23,2019-08-23
18895,126,2018-08-05,2018-09-05
18896,599,2021-05-25,2021-06-25
18898,685,2021-08-26,2021-09-26
18899,565,2021-07-09,2021-08-09
18900,791,2021-05-13,2021-06-13
18901,11,2020-07-06,2020-08-06
18902,868,2021-08-06,2021-09-06
18903,130,2020-07-07,2020-08-07
18904,134,2021-09-25,2021-10-25
18905,350,2021-08-16,2021-09-16
18906,515,2021-09-14,2021-10-14
18907,179,2020-07-28,2020-08-28
18908,309,2021-07-12,2021-08-12
18909,455,2020-05-04,2020-06-04
18910,373,2018-08-04,2018-09-04
18911,190,2019-07-17,2019-08-17
18912,521,2018-06-09,2018-07-09
18913,49,2019-08-17,2019-09-17
18914,384,2021-06-09,2021-07-09
18915,535,2019-06-17,2019-07-17
18916,728,2020-06-25,2020-07-25
18917,613,2020-06-24,2020-07-24
18919,650,2020-09-20,2020-10-20
18920,785,2018-07-17,2018-08-17
18921,849,2018-09-26,2018-10-26
18922,513,2019-08-07,2019-09-07
18923,562,2020-05-15,2020-06-15
18924,697,2021-08-08,2021-09-08
18925,12,2020-07-27,2020-08-27
18926,198,2018-07-29,2018-08-29
18927,750,2018-04-30,2018-05-31
18929,51,2018-08-07,2018-09-07
18930,36,2018-07-17,2018-08-17
18931,460,2018-08-31,2018-09-30
18933,469,2021-06-17,2021-07-17
18934,168,2019-07-16,2019-08-16
18935,713,2021-07-16,2021-08-16
18936,413,2020-05-10,2020-06-10
18937,301,2018-07-12,2018-08-12
18938,504,2021-07-17,2021-08-17
18939,707,2021-05-07,2021-06-07
18940,442,2019-05-26,2019-06-26
18941,501,2021-07-07,2021-08-07
18942,250,2019-07-02,2019-08-02
18943,584,2020-08-26,2020-09-26
18944,590,2020-08-23,2020-09-23
18945,341,2021-08-15,2021-09-15
18947,608,2020-08-19,2020-09-19
18948,95,2019-09-23,2019-10-23
18949,624,2021-06-27,2021-07-27
18951,110,2021-09-01,2021-10-01
18952,557,2020-07-31,2020-08-31
18953,159,2021-06-13,2021-07-13
18954,667,2019-06-19,2019-07-19
18955,378,2019-09-22,2019-10-22
18956,827,2019-07-12,2019-08-12
18957,318,2018-08-26,2018-09-26
18958,458,2021-05-13,2021-06-13
18961,796,2021-07-23,2021-08-23
18962,36,2018-09-17,2018-10-17
18963,478,2019-05-04,2019-06-04
18964,95,2020-05-23,2020-06-23
18965,494,2019-07-04,2019-08-04
18966,860,2018-06-25,2018-07-25
18967,427,2020-07-16,2020-08-16
18969,783,2021-05-06,2021-06-06
18970,758,2020-09-05,2020-10-05
18971,576,2020-05-26,2020-06-26
18972,406,2021-09-14,2021-10-14
18973,117,2021-07-02,2021-08-02
18974,507,2018-09-27,2018-10-27
18975,739,2018-06-25,2018-07-25
18976,297,2019-05-29,2019-06-29
18977,654,2021-07-08,2021-08-08
18978,809,2021-05-13,2021-06-13
18979,801,2018-07-10,2018-08-10
18980,38,2020-08-01,2020-09-01
18981,607,2020-07-21,2020-08-21
18983,704,2021-09-17,2021-10-17
18984,231,2021-07-19,2021-08-19
18985,420,2018-05-01,2018-06-01
18988,381,2020-05-02,2020-06-02
18989,834,2019-07-28,2019-08-28
18990,870,2020-05-03,2020-06-03
18991,361,2020-08-15,2020-09-15
18992,564,2020-05-03,2020-06-03
18993,575,2019-05-11,2019-06-11
18994,534,2019-05-30,2019-06-30
18995,302,2020-08-13,2020-09-13
18996,333,2020-07-13,2020-08-13
18997,116,2019-05-16,2019-06-16
18998,203,2018-09-17,2018-10-17
18999,165,2019-07-20,2019-08-20
19000,773,2018-06-15,2018-07-15
19001,74,2020-05-16,2020-06-16
19002,459,2020-07-25,2020-08-25
19003,715,2021-06-24,2021-07-24
19005,345,2018-09-06,2018-10-06
19006,172,2020-06-27,2020-07-27
19007,35,2018-08-01,2018-09-01
19008,446,2020-07-22,2020-08-22
19009,105,2021-08-04,2021-09-04
19010,683,2021-06-29,2021-07-29
19011,461,2019-05-26,2019-06-26
19012,49,2020-05-17,2020-06-17
19013,18,2021-07-09,2021-08-09
19014,54,2021-06-10,2021-07-10
19015,61,2021-07-07,2021-08-07
19016,385,2019-05-12,2019-06-12
19017,551,2021-09-11,2021-10-11
19018,650,2021-05-20,2021-06-20
19019,466,2020-09-27,2020-10-27
19020,479,2020-09-05,2020-10-05
19021,73,2021-05-17,2021-06-17
19022,618,2020-08-31,2020-09-30
19023,284,2020-05-14,2020-06-14
19025,602,2021-06-19,2021-07-19
19026,32,2020-05-01,2020-06-01
19027,602,2021-08-19,2021-09-19
19028,513,2020-05-07,2020-06-07
19029,586,2020-08-08,2020-09-08
19030,691,2019-06-28,2019-07-28
19031,518,2020-05-09,2020-06-09
19032,319,2019-05-24,2019-06-24
19033,648,2020-05-25,2020-06-25
19034,876,2019-06-30,2019-07-31
19035,232,2021-08-29,2021-09-29
19036,333,2020-09-13,2020-10-13
19037,810,2019-05-26,2019-06-26
19038,674,2018-05-24,2018-06-24
19039,788,2020-06-28,2020-07-28
19040,148,2021-07-01,2021-08-01
19041,501,2021-09-07,2021-10-07
19042,762,2019-07-09,2019-08-09
19043,466,2021-05-26,2021-06-26
19044,876,2019-08-31,2019-10-01
19045,279,2019-05-03,2019-06-03
19046,278,2019-09-23,2019-10-23
19048,424,2019-09-11,2019-10-11
19051,887,2019-08-25,2019-09-25
19052,434,2020-05-25,2020-06-25
19053,300,2019-05-06,2019-06-06
19054,197,2020-07-29,2020-08-29
19055,275,2019-09-25,2019-10-25
19056,517,2021-08-20,2021-09-20
19057,610,2019-05-26,2019-06-26
19058,94,2019-09-27,2019-10-27
19060,879,2020-05-06,2020-06-06
19061,887,2020-05-25,2020-06-25
19062,607,2020-09-21,2020-10-21
19063,178,2021-06-01,2021-07-01
19064,520,2020-05-19,2020-06-19
19065,857,2018-09-08,2018-10-08
19067,303,2019-05-27,2019-06-27
19068,156,2019-05-28,2019-06-28
19069,333,2021-05-13,2021-06-13
19070,36,2019-05-17,2019-06-17
19071,391,2021-05-23,2021-06-23
19072,61,2021-09-07,2021-10-07
19073,420,2018-07-01,2018-08-01
19074,539,2021-06-16,2021-07-16
19075,312,2019-09-09,2019-10-09
19076,294,2020-08-15,2020-09-15
19077,669,2019-09-26,2019-10-26
19078,549,2021-05-25,2021-06-25
19079,439,2021-05-01,2021-06-01
19080,722,2019-07-09,2019-08-09
19082,366,2019-05-23,2019-06-23
19083,118,2020-05-03,2020-06-03
19084,317,2019-05-04,2019-06-04
19086,769,2020-09-06,2020-10-06
19087,614,2019-08-22,2019-09-22
19088,258,2020-05-06,2020-06-06
19089,194,2019-07-02,2019-08-02
19090,224,2018-08-28,2018-09-28
19091,874,2018-05-08,2018-06-08
19092,785,2018-09-17,2018-10-17
19093,629,2018-06-26,2018-07-26
19094,750,2018-07-01,2018-08-01
19095,838,2019-09-23,2019-10-23
19096,584,2021-05-26,2021-06-26
19097,374,2021-06-21,2021-07-21
19098,407,2019-06-04,2019-07-04
19099,779,2018-05-27,2018-06-27
19100,37,2019-05-27,2019-06-27
19101,766,2021-05-14,2021-06-14
19102,186,2018-05-29,2018-06-29
19103,95,2020-07-23,2020-08-23
19104,707,2021-07-07,2021-08-07
19105,260,2018-09-02,2018-10-02
19106,888,2020-06-20,2020-07-20
19108,114,2021-07-17,2021-08-17
19109,101,2020-05-20,2020-06-20
19110,750,2018-09-01,2018-10-01
19111,217,2019-09-21,2019-10-21
19112,82,2021-07-04,2021-08-04
19113,195,2019-05-28,2019-06-28
19114,143,2020-07-15,2020-08-15
19116,523,2020-09-12,2020-10-12
19117,780,2018-05-22,2018-06-22
19119,450,2019-09-16,2019-10-16
19120,606,2021-05-14,2021-06-14
19121,351,2021-06-19,2021-07-19
19122,550,2018-08-29,2018-09-29
19123,746,2018-09-03,2018-10-03
19124,626,2021-08-13,2021-09-13
19125,174,2018-09-04,2018-10-04
19126,239,2020-09-27,2020-10-27
19127,637,2020-07-11,2020-08-11
19128,300,2019-07-06,2019-08-06
19129,466,2021-07-26,2021-08-26
19130,23,2021-05-14,2021-06-14
19131,509,2021-05-29,2021-06-29
19132,593,2018-07-16,2018-08-16
19133,48,2018-07-08,2018-08-08
19134,296,2020-07-16,2020-08-16
19135,590,2021-05-23,2021-06-23
19136,176,2019-05-02,2019-06-02
19137,300,2019-09-06,2019-10-06
19138,175,2018-05-17,2018-06-17
19139,737,2020-09-28,2020-10-28
19140,78,2021-05-24,2021-06-24
19141,290,2020-07-05,2020-08-05
19142,580,2019-10-01,2019-11-01
19143,394,2020-07-12,2020-08-12
19144,585,2019-08-23,2019-09-23
19145,672,2021-05-09,2021-06-09
19146,50,2019-05-22,2019-06-22
19147,131,2021-06-11,2021-07-11
19149,829,2021-09-14,2021-10-14
19150,372,2019-09-04,2019-10-04
19152,534,2019-07-30,2019-08-30
19153,524,2019-09-02,2019-10-02
19154,320,2021-09-23,2021-10-23
19155,663,2020-09-26,2020-10-26
19156,852,2018-06-23,2018-07-23
19157,305,2019-06-27,2019-07-27
19158,492,2018-09-26,2018-10-26
19159,284,2020-07-14,2020-08-14
19160,364,2021-08-23,2021-09-23
19161,207,2018-09-28,2018-10-28
19162,760,2020-07-17,2020-08-17
19163,403,2018-10-01,2018-11-01
19164,694,2020-05-26,2020-06-26
19165,881,2018-08-15,2018-09-15
19166,631,2018-08-10,2018-09-10
19167,622,2021-05-09,2021-06-09
19169,477,2020-09-24,2020-10-24
19170,55,2019-05-25,2019-06-25
19171,511,2019-05-07,2019-06-07
19172,476,2019-09-13,2019-10-13
19173,329,2020-07-11,2020-08-11
19175,863,2021-08-22,2021-09-22
19176,481,2018-07-25,2018-08-25
19177,311,2021-09-01,2021-10-01
19178,159,2021-08-13,2021-09-13
19179,478,2019-07-04,2019-08-04
19180,770,2019-05-27,2019-06-27
19181,217,2020-05-21,2020-06-21
19182,579,2021-07-18,2021-08-18
19183,191,2019-07-03,2019-08-03
19184,500,2020-07-13,2020-08-13
19185,716,2019-05-17,2019-06-17
19186,606,2021-07-14,2021-08-14
19187,349,2019-08-23,2019-09-23
19188,862,2019-09-27,2019-10-27
19189,676,2021-05-03,2021-06-03
19190,355,2021-06-10,2021-07-10
19191,151,2020-09-25,2020-10-25
19192,489,2020-07-10,2020-08-10
19193,177,2020-04-30,2020-05-31
19195,557,2020-10-01,2020-11-01
19196,554,2020-09-21,2020-10-21
19197,278,2020-05-23,2020-06-23
19199,277,2020-06-28,2020-07-28
19200,107,2021-07-23,2021-08-23
19201,503,2019-08-04,2019-09-04
19202,130,2020-09-07,2020-10-07
19204,228,2020-08-25,2020-09-25
19205,229,2020-06-29,2020-07-29
19206,601,2021-08-20,2021-09-20
19207,607,2021-05-21,2021-06-21
19208,545,2020-05-26,2020-06-26
19209,625,2020-09-08,2020-10-08
19210,276,2021-09-07,2021-10-07
19211,52,2021-09-08,2021-10-08
19212,883,2019-05-27,2019-06-27
19213,184,2019-06-16,2019-07-16
19214,451,2020-07-05,2020-08-05
19215,405,2021-07-23,2021-08-23
19216,638,2020-09-02,2020-10-02
19218,437,2021-05-27,2021-06-27
19219,831,2020-08-05,2020-09-05
19220,745,2019-05-05,2019-06-05
19221,816,2020-06-01,2020-07-01
19223,833,2019-05-24,2019-06-24
19224,144,2020-06-18,2020-07-18
19225,452,2019-06-16,2019-07-16
19226,834,2019-09-28,2019-10-28
19227,45,2021-07-08,2021-08-08
19228,895,2019-09-01,2019-10-01
19229,503,2020-05-04,2020-06-04
19231,470,2021-07-08,2021-08-08
19232,624,2021-08-27,2021-09-27
19233,653,2018-09-10,2018-10-10
19234,526,2019-07-21,2019-08-21
19235,238,2020-09-17,2020-10-17
19236,526,2019-09-21,2019-10-21
19237,646,2021-08-02,2021-09-02
19238,223,2018-05-08,2018-06-08
19239,457,2018-08-19,2018-09-19
19240,477,2021-05-24,2021-06-24
19241,869,2020-09-28,2020-10-28
19242,363,2021-09-12,2021-10-12
19243,860,2018-08-25,2018-09-25
19244,613,2020-08-24,2020-09-24
19245,53,2019-07-17,2019-08-17
19246,519,2019-09-06,2019-10-06
19247,667,2019-08-19,2019-09-19
19248,141,2021-07-26,2021-08-26
19249,451,2020-09-05,2020-10-05
19250,694,2020-07-26,2020-08-26
19251,599,2021-07-25,2021-08-25
19252,577,2018-09-15,2018-10-15
19253,665,2020-05-18,2020-06-18
19254,415,2018-07-26,2018-08-26
19255,234,2020-09-28,2020-10-28
19256,124,2020-07-04,2020-08-04
19257,201,2019-07-26,2019-08-26
19258,391,2021-07-23,2021-08-23
19260,819,2020-06-09,2020-07-09
19261,618,2021-05-30,2021-06-30
19262,613,2021-05-24,2021-06-24
19263,849,2019-05-26,2019-06-26
19264,179,2020-09-28,2020-10-28
19265,643,2021-08-05,2021-09-05
19266,310,2019-05-18,2019-06-18
19267,342,2020-06-09,2020-07-09
19269,17,2018-07-09,2018-08-09
19270,619,2018-07-28,2018-08-28
19271,67,2020-06-06,2020-07-06
19272,731,2021-07-21,2021-08-21
19273,877,2019-05-14,2019-06-14
19274,147,2021-05-22,2021-06-22
19275,709,2020-08-07,2020-09-07
19276,575,2019-07-11,2019-08-11
19277,250,2019-09-02,2019-10-02
19278,480,2019-05-03,2019-06-03
19280,252,2018-09-07,2018-10-07
19281,357,2020-06-06,2020-07-06
19282,832,2019-05-21,2019-06-21
19283,604,2018-06-10,2018-07-10
19284,753,2018-07-12,2018-08-12
19285,67,2020-08-06,2020-09-06
19286,337,2018-09-17,2018-10-17
19287,96,2019-09-24,2019-10-24
19288,709,2021-05-07,2021-06-07
19292,356,2020-05-28,2020-06-28
19293,155,2018-08-17,2018-09-17
19294,160,2020-07-07,2020-08-07
19295,155,2019-05-17,2019-06-17
19296,445,2018-07-13,2018-08-13
19297,200,2018-09-21,2018-10-21
19298,892,2020-08-24,2020-09-24
19299,349,2020-05-23,2020-06-23
19300,729,2021-09-22,2021-10-22
19301,335,2020-05-08,2020-06-08
19303,766,2021-07-14,2021-08-14
19304,811,2021-05-31,2021-06-30
19305,156,2019-07-28,2019-08-28
19306,405,2021-09-23,2021-10-23
19307,83,2020-08-10,2020-09-10
19309,115,2021-05-08,2021-06-08
19310,836,2018-06-01,2018-07-01
19311,358,2018-06-14,2018-07-14
19312,790,2020-08-03,2020-09-03
19313,267,2021-05-29,2021-06-29
19314,454,2019-09-20,2019-10-20
19315,876,2020-05-01,2020-06-01
19316,745,2019-07-05,2019-08-05
19317,564,2020-07-03,2020-08-03
19318,289,2020-08-26,2020-09-26
19319,242,2020-05-20,2020-06-20
19321,650,2021-07-20,2021-08-20
19323,689,2018-09-23,2018-10-23
19324,870,2020-07-03,2020-08-03
19325,692,2021-07-12,2021-08-12
19326,108,2021-09-23,2021-10-23
19327,587,2020-08-07,2020-09-07
19330,659,2021-05-08,2021-06-08
19331,164,2020-09-22,2020-10-22
19334,476,2020-05-13,2020-06-13
19335,19,2021-07-06,2021-08-06
19337,894,2018-09-29,2018-10-29
19339,330,2021-05-07,2021-06-07
19342,687,2019-08-13,2019-09-13
19343,101,2020-07-20,2020-08-20
19344,378,2020-05-22,2020-06-22
19345,691,2019-08-28,2019-09-28
19346,873,2020-05-10,2020-06-10
19347,547,2020-05-07,2020-06-07
19348,606,2021-09-14,2021-10-14
19349,599,2021-09-25,2021-10-25
19350,407,2019-08-04,2019-09-04
19351,209,2021-06-18,2021-07-18
19352,799,2019-05-02,2019-06-02
19353,224,2019-05-28,2019-06-28
19356,694,2020-09-26,2020-10-26
19357,480,2019-07-03,2019-08-03
19359,732,2020-07-14,2020-08-14
19360,749,2020-07-24,2020-08-24
19361,227,2021-07-21,2021-08-21
19363,529,2021-07-12,2021-08-12
19364,733,2020-09-15,2020-10-15
19365,113,2019-08-20,2019-09-20
19366,576,2020-07-26,2020-08-26
19367,541,2018-06-01,2018-07-01
19369,788,2020-08-28,2020-09-28
19370,124,2020-09-04,2020-10-04
19371,310,2019-07-18,2019-08-18
19372,760,2020-09-17,2020-10-17
19373,310,2019-09-18,2019-10-18
19374,544,2019-05-25,2019-06-25
19375,583,2021-09-25,2021-10-25
19376,762,2019-09-09,2019-10-09
19379,239,2021-05-26,2021-06-26
19380,53,2019-09-17,2019-10-17
19381,628,2019-05-01,2019-06-01
19382,304,2021-05-29,2021-06-29
19383,109,2020-08-23,2020-09-23
19384,88,2019-05-24,2019-06-24
19387,216,2018-09-27,2018-10-27
19388,822,2019-06-28,2019-07-28
19389,885,2019-07-22,2019-08-22
19391,37,2019-07-27,2019-08-27
19392,116,2019-07-16,2019-08-16
19393,529,2021-09-12,2021-10-12
19394,222,2019-05-13,2019-06-13
19396,209,2021-08-18,2021-09-18
19398,843,2021-08-02,2021-09-02
19399,219,2018-08-29,2018-09-29
19400,368,2019-08-17,2019-09-17
19401,577,2019-05-15,2019-06-15
19402,899,2018-06-29,2018-07-29
19403,431,2020-05-24,2020-06-24
19404,789,2019-05-18,2019-06-18
19405,266,2019-05-08,2019-06-08
19406,728,2020-08-25,2020-09-25
19407,286,2020-06-08,2020-07-08
19408,79,2019-06-02,2019-07-02
19410,573,2021-09-08,2021-10-08
19411,33,2021-05-25,2021-06-25
19412,690,2018-07-04,2018-08-04
19413,382,2020-06-04,2020-07-04
19414,837,2019-05-18,2019-06-18
19415,506,2021-08-14,2021-09-14
19416,59,2018-07-06,2018-08-06
19417,43,2018-06-23,2018-07-23
19418,370,2019-05-12,2019-06-12
19419,746,2019-05-03,2019-06-03
19420,528,2019-09-14,2019-10-14
19421,662,2020-09-12,2020-10-12
19422,138,2020-08-26,2020-09-26
19423,252,2019-05-07,2019-06-07
19424,355,2021-08-10,2021-09-10
19425,875,2021-06-04,2021-07-04
19426,779,2018-07-27,2018-08-27
19428,234,2021-05-27,2021-06-27
19429,510,2019-09-11,2019-10-11
19430,588,2020-07-05,2020-08-05
19431,145,2020-05-28,2020-06-28
19432,94,2020-05-27,2020-06-27
19434,590,2021-07-23,2021-08-23
19435,160,2020-09-07,2020-10-07
19436,336,2018-09-01,2018-10-01
19437,740,2018-05-22,2018-06-22
19438,558,2021-05-15,2021-06-15
19439,844,2020-05-17,2020-06-17
19440,389,2019-09-12,2019-10-12
19441,677,2019-08-27,2019-09-27
19442,172,2020-08-27,2020-09-27
19443,103,2021-06-07,2021-07-07
19444,764,2020-05-18,2020-06-18
19445,449,2021-05-31,2021-06-30
19446,811,2021-07-30,2021-08-30
19447,53,2020-05-17,2020-06-17
19448,842,2021-07-01,2021-08-01
19449,630,2019-06-19,2019-07-19
19451,482,2019-05-29,2019-06-29
19452,509,2021-07-29,2021-08-29
19453,379,2021-05-07,2021-06-07
19454,73,2021-07-17,2021-08-17
19455,782,2018-09-16,2018-10-16
19456,666,2019-05-09,2019-06-09
19457,492,2019-05-26,2019-06-26
19458,351,2021-08-19,2021-09-19
19459,391,2021-09-23,2021-10-23
19460,427,2020-09-16,2020-10-16
19461,834,2020-05-27,2020-06-27
19462,663,2021-05-25,2021-06-25
19463,543,2019-09-22,2019-10-22
19464,891,2019-05-15,2019-06-15
19465,639,2021-09-23,2021-10-23
19466,542,2021-06-01,2021-07-01
19467,393,2018-07-01,2018-08-01
19468,188,2021-07-04,2021-08-04
19469,339,2021-07-09,2021-08-09
19470,290,2020-09-05,2020-10-05
19471,170,2019-07-14,2019-08-14
19472,40,2020-07-12,2020-08-12
19475,86,2020-09-26,2020-10-26
19476,896,2018-07-06,2018-08-06
19477,673,2021-07-09,2021-08-09
19478,554,2021-05-21,2021-06-21
19479,715,2021-08-24,2021-09-24
19480,545,2020-07-26,2020-08-26
19481,86,2021-05-25,2021-06-25
19482,810,2019-07-26,2019-08-26
19484,481,2018-09-25,2018-10-25
19485,581,2019-07-02,2019-08-02
19486,585,2020-05-23,2020-06-23
19487,309,2021-09-12,2021-10-12
19489,615,2019-07-24,2019-08-24
19490,272,2020-08-08,2020-09-08
19491,630,2019-08-19,2019-09-19
19492,622,2021-07-09,2021-08-09
19493,477,2021-07-24,2021-08-24
19494,851,2021-07-22,2021-08-22
19496,177,2020-07-01,2020-08-01
19497,265,2019-07-12,2019-08-12
19498,789,2019-07-18,2019-08-18
19500,165,2019-09-20,2019-10-20
19501,28,2019-08-24,2019-09-24
19502,113,2020-05-20,2020-06-20
19503,136,2018-09-20,2018-10-20
19505,214,2021-09-17,2021-10-17
19506,869,2021-05-27,2021-06-27
19507,335,2020-07-08,2020-08-08
19508,207,2019-05-28,2019-06-28
19509,892,2021-05-24,2021-06-24
19510,445,2018-09-13,2018-10-13
19511,27,2018-07-07,2018-08-07
19512,521,2018-08-09,2018-09-09
19513,324,2018-07-12,2018-08-12
19514,441,2021-09-25,2021-10-25
19517,632,2020-08-08,2020-09-08
19518,541,2018-08-01,2018-09-01
19520,809,2021-07-13,2021-08-13
19521,419,2019-07-01,2019-08-01
19522,763,2020-05-16,2020-06-16
19523,299,2021-08-16,2021-09-16
19524,586,2021-05-08,2021-06-08
19525,24,2021-05-17,2021-06-17
19526,402,2019-07-19,2019-08-19
19528,449,2021-07-30,2021-08-30
19529,259,2021-09-17,2021-10-17
19530,326,2019-07-16,2019-08-16
19531,767,2021-05-28,2021-06-28
19532,798,2021-07-21,2021-08-21
19534,400,2020-08-03,2020-09-03
19535,70,2018-06-07,2018-07-07
19537,288,2019-08-16,2019-09-16
19538,404,2020-05-03,2020-06-03
19539,169,2020-07-24,2020-08-24
19540,760,2021-05-17,2021-06-17
19541,188,2021-09-04,2021-10-04
19542,688,2021-06-16,2021-07-16
19544,291,2019-05-13,2019-06-13
19545,547,2020-07-07,2020-08-07
19546,654,2021-09-08,2021-10-08
19547,84,2020-08-15,2020-09-15
19548,695,2019-08-11,2019-09-11
19549,743,2020-08-19,2020-09-19
19550,706,2021-07-24,2021-08-24
19552,230,2019-05-14,2019-06-14
19553,811,2021-09-30,2021-10-30
19554,474,2018-09-23,2018-10-23
19556,90,2019-09-20,2019-10-20
19557,164,2021-05-22,2021-06-22
19558,135,2019-05-20,2019-06-20
19559,899,2018-08-29,2018-09-29
19560,275,2020-05-25,2020-06-25
19561,820,2018-09-30,2018-10-30
19562,576,2020-09-26,2020-10-26
19563,832,2019-07-21,2019-08-21
19564,802,2019-09-01,2019-10-01
19565,521,2019-05-09,2019-06-09
19566,348,2021-06-05,2021-07-05
19567,301,2018-09-12,2018-10-12
19568,392,2018-08-04,2018-09-04
19569,732,2020-09-14,2020-10-14
19570,23,2021-07-14,2021-08-14
19571,222,2019-07-13,2019-08-13
19573,403,2019-04-30,2019-05-31
19575,688,2021-08-16,2021-09-16
19576,577,2019-07-15,2019-08-15
19579,555,2021-08-19,2021-09-19
19580,204,2021-07-07,2021-08-07
19582,240,2019-07-01,2019-08-01
19583,24,2021-07-17,2021-08-17
19584,252,2019-07-07,2019-08-07
19585,564,2020-09-03,2020-10-03
19586,218,2021-07-09,2021-08-09
19587,301,2019-05-12,2019-06-12
19588,227,2021-09-21,2021-10-21
19589,221,2018-08-25,2018-09-25
19590,418,2018-09-10,2018-10-10
19591,681,2021-09-26,2021-10-26
19592,659,2021-07-08,2021-08-08
19593,486,2019-07-10,2019-08-10
19594,233,2019-09-02,2019-10-02
19595,68,2019-09-25,2019-10-25
19596,894,2019-05-28,2019-06-28
19597,734,2019-08-04,2019-09-04
19598,172,2021-05-27,2021-06-27
19599,358,2018-08-14,2018-09-14
19600,589,2020-09-27,2020-10-27
19601,407,2020-05-04,2020-06-04
19602,615,2019-09-24,2019-10-24
19603,348,2021-08-05,2021-09-05
19605,614,2020-05-22,2020-06-22
19606,112,2020-09-01,2020-10-01
19607,272,2021-05-08,2021-06-08
19608,771,2018-09-25,2018-10-25
19609,492,2019-07-26,2019-08-26
19610,839,2019-09-11,2019-10-11
19611,571,2019-07-22,2019-08-22
19612,435,2021-08-29,2021-09-29
19613,60,2020-07-03,2020-08-03
19614,115,2021-07-08,2021-08-08
19615,401,2018-06-27,2018-07-27
19617,629,2018-08-26,2018-09-26
19618,279,2019-07-03,2019-08-03
19619,492,2019-09-26,2019-10-26
19620,662,2021-05-12,2021-06-12
19621,141,2021-09-26,2021-10-26
19622,746,2019-07-03,2019-08-03
19623,314,2018-07-18,2018-08-18
19624,535,2019-08-17,2019-09-17
19625,638,2021-05-02,2021-06-02
19626,241,2021-09-02,2021-10-02
19627,509,2021-09-29,2021-10-29
19628,295,2019-05-14,2019-06-14
19629,419,2019-09-01,2019-10-01
19630,493,2018-09-10,2018-10-10
19631,632,2021-05-08,2021-06-08
19632,373,2019-05-04,2019-06-04
19633,770,2019-07-27,2019-08-27
19634,450,2020-05-16,2020-06-16
19635,56,2018-09-02,2018-10-02
19636,884,2020-05-10,2020-06-10
19637,595,2018-09-17,2018-10-17
19638,850,2020-09-16,2020-10-16
19639,549,2021-07-25,2021-08-25
19640,587,2021-05-07,2021-06-07
19642,107,2021-09-23,2021-10-23
19643,334,2020-08-08,2020-09-08
19644,788,2021-05-28,2021-06-28
19645,356,2020-07-28,2020-08-28
19646,708,2021-05-18,2021-06-18
19647,196,2019-07-01,2019-08-01
19648,50,2019-07-22,2019-08-22
19649,743,2021-05-19,2021-06-19
19650,725,2019-08-27,2019-09-27
19651,378,2020-07-22,2020-08-22
19652,31,2019-09-19,2019-10-19
19653,705,2020-07-09,2020-08-09
19654,464,2018-07-21,2018-08-21
19655,325,2019-07-10,2019-08-10
19656,866,2021-07-22,2021-08-22
19657,152,2021-06-20,2021-07-20
19658,503,2020-07-04,2020-08-04
19659,613,2021-07-24,2021-08-24
19660,873,2020-07-10,2020-08-10
19661,781,2018-07-18,2018-08-18
19662,876,2020-07-01,2020-08-01
19663,728,2021-05-25,2021-06-25
19664,194,2019-09-02,2019-10-02
19665,283,2019-07-21,2019-08-21
19666,667,2020-05-19,2020-06-19
19668,645,2021-07-26,2021-08-26
19669,510,2020-05-11,2020-06-11
19670,116,2019-09-16,2019-10-16
19671,787,2021-05-21,2021-06-21
19672,164,2021-07-22,2021-08-22
19674,189,2020-07-15,2020-08-15
19675,381,2020-07-02,2020-08-02
19676,861,2021-05-15,2021-06-15
19677,95,2020-09-23,2020-10-23
19678,617,2020-08-15,2020-09-15
19679,780,2018-07-22,2018-08-22
19680,669,2020-05-26,2020-06-26
19681,272,2021-07-08,2021-08-08
19682,489,2020-09-10,2020-10-10
19684,68,2020-05-25,2020-06-25
19686,825,2020-07-04,2020-08-04
19687,887,2020-07-25,2020-08-25
19688,271,2020-07-17,2020-08-17
19689,290,2021-05-05,2021-06-05
19690,645,2021-09-26,2021-10-26
19691,864,2021-09-01,2021-10-01
19692,33,2021-07-25,2021-08-25
19693,221,2019-05-25,2019-06-25
19694,164,2021-09-22,2021-10-22
19695,94,2020-07-27,2020-08-27
19696,327,2019-07-20,2019-08-20
19697,366,2019-07-23,2019-08-23
19698,629,2019-05-26,2019-06-26
19699,51,2019-05-07,2019-06-07
19700,795,2021-07-04,2021-08-04
19701,177,2020-09-01,2020-10-01
19702,51,2019-07-07,2019-08-07
19704,699,2020-06-26,2020-07-26
19705,266,2019-07-08,2019-08-08
19706,683,2021-08-29,2021-09-29
19707,374,2021-08-21,2021-09-21
19708,367,2021-05-22,2021-06-22
19709,112,2021-05-01,2021-06-01
19711,272,2021-09-08,2021-10-08
19712,282,2020-08-22,2020-09-22
19713,152,2021-08-20,2021-09-20
19715,287,2021-07-23,2021-08-23
19716,795,2021-09-04,2021-10-04
19718,486,2019-09-10,2019-10-10
19719,595,2019-05-17,2019-06-17
19720,565,2021-09-09,2021-10-09
19723,759,2021-09-22,2021-10-22
19724,489,2021-05-10,2021-06-10
19725,550,2019-05-29,2019-06-29
19726,386,2020-09-12,2020-10-12
19727,842,2021-09-01,2021-10-01
19728,409,2018-09-23,2018-10-23
19729,197,2020-09-29,2020-10-29
19730,409,2019-05-23,2019-06-23
19732,736,2021-06-30,2021-07-31
19733,503,2020-09-04,2020-10-04
19734,717,2020-07-22,2020-08-22
19735,292,2018-08-23,2018-09-23
19736,194,2020-05-02,2020-06-02
19737,218,2021-09-09,2021-10-09
19738,584,2021-07-26,2021-08-26
19739,619,2018-09-28,2018-10-28
19740,116,2020-05-16,2020-06-16
19741,224,2019-07-28,2019-08-28
19742,554,2021-07-21,2021-08-21
19743,360,2018-07-15,2018-08-15
19744,674,2018-07-24,2018-08-24
19745,755,2021-07-28,2021-08-28
19746,716,2019-07-17,2019-08-17
19747,780,2018-09-22,2018-10-22
19748,859,2018-06-15,2018-07-15
19749,894,2019-07-28,2019-08-28
19750,889,2018-05-26,2018-06-26
19751,523,2021-05-12,2021-06-12
19752,875,2021-08-04,2021-09-04
19753,533,2019-06-27,2019-07-27
19754,171,2019-05-04,2019-06-04
19755,55,2019-07-25,2019-08-25
19756,151,2021-05-25,2021-06-25
19757,319,2019-07-24,2019-08-24
19759,574,2021-05-07,2021-06-07
19760,802,2020-05-01,2020-06-01
19761,625,2021-05-08,2021-06-08
19762,825,2020-09-04,2020-10-04
19763,168,2019-09-16,2019-10-16
19764,728,2021-07-25,2021-08-25
19765,651,2018-05-04,2018-06-04
19766,878,2021-07-17,2021-08-17
19767,561,2019-05-10,2019-06-10
19768,609,2020-05-27,2020-06-27
19770,440,2019-07-18,2019-08-18
19771,672,2021-07-09,2021-08-09
19772,790,2021-05-03,2021-06-03
19773,22,2019-09-09,2019-10-09
19774,663,2021-07-25,2021-08-25
19775,651,2018-07-04,2018-08-04
19776,424,2020-05-11,2020-06-11
19777,472,2019-09-23,2019-10-23
19778,333,2021-07-13,2021-08-13
19779,644,2018-05-23,2018-06-23
19780,480,2019-09-03,2019-10-03
19781,257,2020-07-15,2020-08-15
19782,203,2019-05-17,2019-06-17
19783,609,2020-07-27,2020-08-27
19784,798,2021-09-21,2021-10-21
19785,635,2019-08-19,2019-09-19
19786,205,2021-05-03,2021-06-03
19787,118,2020-07-03,2020-08-03
19788,878,2021-09-17,2021-10-17
19789,818,2020-09-05,2020-10-05
19790,838,2020-05-23,2020-06-23
19791,12,2020-09-27,2020-10-27
19792,56,2019-05-02,2019-06-02
19793,74,2020-07-16,2020-08-16
19794,642,2018-05-27,2018-06-27
19795,286,2020-08-08,2020-09-08
19796,27,2018-09-07,2018-10-07
19797,544,2019-07-25,2019-08-25
19798,612,2019-05-11,2019-06-11
19799,294,2021-05-15,2021-06-15
19800,54,2021-08-10,2021-09-10
19801,814,2019-08-23,2019-09-23
19802,230,2019-07-14,2019-08-14
19804,33,2021-09-25,2021-10-25
19805,466,2021-09-26,2021-10-26
19806,219,2019-05-29,2019-06-29
19807,361,2021-05-15,2021-06-15
19808,751,2021-08-11,2021-09-11
19809,297,2019-07-29,2019-08-29
19810,636,2019-07-06,2019-08-06
19811,827,2019-09-12,2019-10-12
19812,286,2021-05-08,2021-06-08
19813,127,2020-08-13,2020-09-13
19814,80,2019-07-23,2019-08-23
19815,482,2019-07-29,2019-08-29
19816,698,2018-08-22,2018-09-22
19817,610,2019-07-26,2019-08-26
19819,789,2019-09-18,2019-10-18
19820,246,2018-05-26,2018-06-26
19821,193,2019-05-27,2019-06-27
19822,321,2021-05-10,2021-06-10
19823,332,2019-07-11,2019-08-11
19824,530,2018-06-21,2018-07-21
19825,409,2019-07-23,2019-08-23
19826,457,2019-05-19,2019-06-19
19827,387,2021-07-01,2021-08-01
19829,51,2019-09-07,2019-10-07
19830,429,2021-09-19,2021-10-19
19831,165,2020-05-20,2020-06-20
19832,50,2019-09-22,2019-10-22
19833,636,2019-09-06,2019-10-06
19834,770,2019-09-27,2019-10-27
19835,607,2021-07-21,2021-08-21
19836,44,2019-05-16,2019-06-16
19837,785,2019-05-17,2019-06-17
19838,199,2019-08-27,2019-09-27
19839,217,2020-07-21,2020-08-21
19840,848,2020-05-10,2020-06-10
19841,195,2019-07-28,2019-08-28
19842,286,2021-07-08,2021-08-08
19843,416,2021-09-11,2021-10-11
19844,644,2018-07-23,2018-08-23
19845,812,2021-07-13,2021-08-13
19846,883,2019-07-27,2019-08-27
19847,591,2020-07-22,2020-08-22
19848,48,2018-09-08,2018-10-08
19850,806,2020-09-02,2020-10-02
19851,185,2021-05-10,2021-06-10
19852,414,2021-07-18,2021-08-18
19853,286,2021-09-08,2021-10-08
19855,243,2020-05-15,2020-06-15
19856,97,2019-10-01,2019-11-01
19857,497,2021-07-20,2021-08-20
19859,148,2021-09-01,2021-10-01
19860,616,2020-10-01,2020-11-01
19861,760,2021-07-17,2021-08-17
19862,747,2018-06-08,2018-07-08
19864,237,2021-05-10,2021-06-10
19865,788,2021-07-28,2021-08-28
19866,112,2021-07-01,2021-08-01
19867,96,2020-05-24,2020-06-24
19868,882,2020-05-15,2020-06-15
19869,64,2021-05-22,2021-06-22
19870,407,2020-07-04,2020-08-04
19871,269,2019-05-19,2019-06-19
19872,275,2020-07-25,2020-08-25
19873,652,2019-09-04,2019-10-04
19874,88,2019-07-24,2019-08-24
19875,91,2021-07-26,2021-08-26
19876,82,2021-09-04,2021-10-04
19877,415,2018-09-26,2018-10-26
19878,701,2019-06-15,2019-07-15
19879,407,2020-09-04,2020-10-04
19880,720,2021-09-27,2021-10-27
19881,656,2021-05-03,2021-06-03
19883,568,2018-05-02,2018-06-02
19884,91,2021-09-26,2021-10-26
19885,60,2020-09-03,2020-10-03
19886,696,2019-08-17,2019-09-17
19887,168,2020-05-16,2020-06-16
19888,609,2020-09-27,2020-10-27
19889,178,2021-08-01,2021-09-01
19890,557,2021-04-30,2021-05-31
19891,275,2020-09-25,2020-10-25
19892,511,2019-07-07,2019-08-07
19894,560,2021-05-05,2021-06-05
19895,885,2019-09-22,2019-10-22
19896,747,2018-08-08,2018-09-08
19898,516,2019-09-18,2019-10-18
19899,317,2019-07-04,2019-08-04
19900,291,2019-07-13,2019-08-13
19901,375,2020-05-18,2020-06-18
19902,858,2018-07-12,2018-08-12
19903,499,2021-05-23,2021-06-23
19904,642,2018-07-27,2018-08-27
19905,43,2018-08-23,2018-09-23
19906,806,2021-05-02,2021-06-02
19907,771,2019-05-25,2019-06-25
19908,503,2021-05-04,2021-06-04
19909,832,2019-09-21,2019-10-21
19910,844,2020-07-17,2020-08-17
19911,69,2018-07-28,2018-08-28
19912,848,2020-07-10,2020-08-10
19913,436,2018-09-08,2018-10-08
19914,714,2019-08-11,2019-09-11
19915,377,2018-07-13,2018-08-13
19916,267,2021-07-29,2021-08-29
19917,339,2021-09-09,2021-10-09
19918,154,2019-09-18,2019-10-18
19920,785,2019-07-17,2019-08-17
19921,202,2019-09-14,2019-10-14
19922,184,2019-08-16,2019-09-16
19923,254,2021-07-10,2021-08-10
19924,734,2020-05-04,2020-06-04
19925,622,2021-09-09,2021-10-09
19926,784,2018-05-02,2018-06-02
19927,550,2019-07-29,2019-08-29
19928,808,2020-09-29,2020-10-29
19929,672,2021-09-09,2021-10-09
19930,433,2018-06-24,2018-07-24
19931,563,2019-08-31,2019-09-30
19932,483,2020-07-10,2020-08-10
19933,786,2020-09-10,2020-10-10
19934,415,2019-05-26,2019-06-26
19935,133,2020-05-15,2020-06-15
19936,579,2021-09-18,2021-10-18
19937,321,2021-07-10,2021-08-10
19938,329,2020-09-11,2020-10-11
19939,377,2018-09-13,2018-10-13
19940,51,2020-05-07,2020-06-07
19941,705,2020-09-09,2020-10-09
19945,882,2020-07-15,2020-08-15
19946,268,2021-09-03,2021-10-03
19948,777,2020-09-27,2020-10-27
19949,172,2021-07-27,2021-08-27
19950,123,2020-05-04,2020-06-04
19952,439,2021-07-01,2021-08-01
19953,185,2021-07-10,2021-08-10
19954,874,2018-07-08,2018-08-08
19955,739,2018-08-25,2018-09-25
19956,193,2019-07-27,2019-08-27
19958,497,2021-09-20,2021-10-20
19959,238,2021-05-17,2021-06-17
19960,499,2021-07-23,2021-08-23
19961,90,2020-05-20,2020-06-20
19962,324,2018-09-12,2018-10-12
19963,415,2019-07-26,2019-08-26
19964,126,2019-05-05,2019-06-05
19965,70,2018-08-07,2018-09-07
19966,328,2021-07-19,2021-08-19
19967,240,2019-09-01,2019-10-01
19968,149,2021-06-03,2021-07-03
19969,482,2019-09-29,2019-10-29
19970,248,2020-09-20,2020-10-20
19972,632,2021-07-08,2021-08-08
19974,224,2019-09-28,2019-10-28
19975,300,2020-05-06,2020-06-06
19976,545,2020-09-26,2020-10-26
19977,508,2019-05-15,2019-06-15
19978,147,2021-07-22,2021-08-22
19980,66,2019-07-06,2019-08-06
19982,455,2020-07-04,2020-08-04
19984,310,2020-05-18,2020-06-18
19985,402,2019-09-19,2019-10-19
19986,633,2021-05-17,2021-06-17
19987,85,2021-05-24,2021-06-24
19988,397,2020-05-02,2020-06-02
19990,797,2021-07-02,2021-08-02
19991,325,2019-09-10,2019-10-10
19992,315,2020-07-07,2020-08-07
19993,420,2018-09-01,2018-10-01
19994,73,2021-09-17,2021-10-17
19995,248,2021-05-20,2021-06-20
19996,781,2018-09-18,2018-10-18
19997,217,2020-09-21,2020-10-21
19999,94,2020-09-27,2020-10-27
20000,696,2020-05-17,2020-06-17
20001,312,2020-05-09,2020-06-09
20002,324,2019-05-12,2019-06-12
20003,830,2020-09-23,2020-10-23
20004,693,2019-05-24,2019-06-24
20005,870,2020-09-03,2020-10-03
20006,739,2019-05-25,2019-06-25
20008,321,2021-09-10,2021-10-10
20009,783,2021-07-06,2021-08-06
20010,22,2020-05-09,2020-06-09
20011,638,2021-07-02,2021-08-02
20012,13,2019-07-25,2019-08-25
20013,582,2018-09-18,2018-10-18
20016,563,2020-05-30,2020-06-30
20017,779,2018-09-27,2018-10-27
20018,684,2020-05-01,2020-06-01
20019,383,2019-07-18,2019-08-18
20020,653,2019-05-10,2019-06-10
20021,724,2020-08-14,2020-09-14
20022,734,2020-07-04,2020-08-04
20023,207,2019-07-28,2019-08-28
20024,13,2019-09-25,2019-10-25
20025,677,2020-05-27,2020-06-27
20026,154,2020-05-18,2020-06-18
20027,508,2019-07-15,2019-08-15
20028,588,2020-09-05,2020-10-05
20030,735,2019-07-04,2019-08-04
20031,492,2020-05-26,2020-06-26
20032,454,2020-05-20,2020-06-20
20033,446,2020-09-22,2020-10-22
20034,32,2020-07-01,2020-08-01
20035,424,2020-07-11,2020-08-11
20036,425,2020-07-17,2020-08-17
20037,778,2020-08-02,2020-09-02
20038,185,2021-09-10,2021-10-10
20039,644,2018-09-23,2018-10-23
20040,103,2021-08-07,2021-09-07
20041,479,2021-05-05,2021-06-05
20042,533,2019-08-27,2019-09-27
20043,612,2019-07-11,2019-08-11
20045,83,2021-05-10,2021-06-10
20046,161,2021-08-23,2021-09-23
20047,785,2019-09-17,2019-10-17
20048,677,2020-07-27,2020-08-27
20049,358,2019-05-14,2019-06-14
20050,840,2019-06-17,2019-07-17
20051,257,2020-09-15,2020-10-15
20052,78,2021-07-24,2021-08-24
20053,342,2020-08-09,2020-09-09
20054,613,2021-09-24,2021-10-24
20055,781,2019-05-18,2019-06-18
20056,563,2020-07-30,2020-08-30
20057,211,2020-08-21,2020-09-21
20058,693,2019-07-24,2019-08-24
20059,176,2019-07-02,2019-08-02
20060,216,2019-05-27,2019-06-27
20061,304,2021-07-29,2021-08-29
20062,370,2019-07-12,2019-08-12
20063,834,2020-07-27,2020-08-27
20064,260,2019-05-02,2019-06-02
20065,771,2019-07-25,2019-08-25
20066,549,2021-09-25,2021-10-25
20067,476,2020-07-13,2020-08-13
20068,247,2018-07-17,2018-08-17
20069,207,2019-09-28,2019-10-28
20070,775,2018-09-06,2018-10-06
20071,705,2021-05-09,2021-06-09
20073,396,2019-07-15,2019-08-15
20074,124,2021-05-04,2021-06-04
20075,422,2019-05-01,2019-06-01
20076,275,2021-05-25,2021-06-25
20077,876,2020-09-01,2020-10-01
20080,815,2021-05-28,2021-06-28
20081,69,2018-09-28,2018-10-28
20083,763,2020-07-16,2020-08-16
20084,640,2018-05-21,2018-06-21
20085,468,2019-06-23,2019-07-23
20086,28,2020-05-24,2020-06-24
20087,68,2020-07-25,2020-08-25
20088,537,2019-05-29,2019-06-29
20089,442,2019-07-26,2019-08-26
20090,872,2020-08-19,2020-09-19
20091,423,2021-07-05,2021-08-05
20092,859,2018-08-15,2018-09-15
20093,35,2019-05-01,2019-06-01
20094,454,2020-07-20,2020-08-20
20095,649,2018-08-17,2018-09-17
20096,75,2019-07-12,2019-08-12
20097,476,2020-09-13,2020-10-13
20098,26,2019-07-18,2019-08-18
20099,66,2019-09-06,2019-10-06
20100,700,2019-06-03,2019-07-03
20101,378,2020-09-22,2020-10-22
20102,281,2018-06-13,2018-07-13
20103,452,2019-08-16,2019-09-16
20104,86,2021-07-25,2021-08-25
20106,331,2021-05-25,2021-06-25
20107,699,2020-08-26,2020-09-26
20108,786,2021-05-10,2021-06-10
20109,446,2021-05-22,2021-06-22
20110,612,2019-09-11,2019-10-11
20111,753,2018-09-12,2018-10-12
20112,383,2019-09-18,2019-10-18
20113,832,2020-05-21,2020-06-21
20114,833,2019-07-24,2019-08-24
20115,474,2019-05-23,2019-06-23
20116,714,2020-05-11,2020-06-11
20117,367,2021-07-22,2021-08-22
20119,329,2021-05-11,2021-06-11
20120,249,2021-05-15,2021-06-15
20121,359,2019-07-14,2019-08-14
20122,818,2021-05-05,2021-06-05
20123,778,2021-05-02,2021-06-02
20124,840,2019-08-17,2019-09-17
20126,167,2019-05-19,2019-06-19
20127,631,2019-05-10,2019-06-10
20128,332,2019-09-11,2019-10-11
20129,34,2019-08-03,2019-09-03
20130,205,2021-07-03,2021-08-03
20131,656,2021-07-03,2021-08-03
20132,743,2021-07-19,2021-08-19
20133,254,2021-09-10,2021-10-10
20134,139,2019-05-29,2019-06-29
20135,657,2021-06-08,2021-07-08
20136,325,2020-05-10,2020-06-10
20137,614,2020-07-22,2020-08-22
20138,769,2021-05-06,2021-06-06
20139,160,2021-05-07,2021-06-07
20140,891,2019-07-15,2019-08-15
20142,395,2020-05-07,2020-06-07
20143,102,2019-05-26,2019-06-26
20144,338,2020-07-13,2020-08-13
20145,130,2021-05-07,2021-06-07
20146,448,2021-05-14,2021-06-14
20147,831,2021-05-05,2021-06-05
20148,526,2020-05-21,2020-06-21
20150,693,2019-09-24,2019-10-24
20151,216,2019-07-27,2019-08-27
20152,513,2020-07-07,2020-08-07
20154,475,2019-09-09,2019-10-09
20155,66,2020-05-06,2020-06-06
20156,46,2019-07-07,2019-08-07
20157,18,2021-09-09,2021-10-09
20158,756,2021-05-09,2021-06-09
20159,575,2019-09-11,2019-10-11
20160,755,2021-09-28,2021-10-28
20161,43,2019-05-23,2019-06-23
20162,246,2018-07-26,2018-08-26
20163,888,2020-08-20,2020-09-20
20164,814,2020-05-23,2020-06-23
20166,434,2020-07-25,2020-08-25
20167,90,2020-07-20,2020-08-20
20168,31,2020-05-19,2020-06-19
20169,796,2021-09-23,2021-10-23
20170,378,2021-05-22,2021-06-22
20171,457,2019-07-19,2019-08-19
20172,756,2021-07-09,2021-08-09
20173,130,2021-07-07,2021-08-07
20174,611,2020-09-28,2020-10-28
20175,500,2020-09-13,2020-10-13
20176,858,2018-09-12,2018-10-12
20177,838,2020-07-23,2020-08-23
20178,892,2021-07-24,2021-08-24
20179,848,2020-09-10,2020-10-10
20180,335,2020-09-08,2020-10-08
20181,313,2021-08-07,2021-09-07
20182,279,2019-09-03,2019-10-03
20183,745,2019-09-05,2019-10-05
20185,387,2021-09-01,2021-10-01
20186,698,2019-05-22,2019-06-22
20188,278,2020-07-23,2020-08-23
20189,589,2021-05-26,2021-06-26
20190,749,2020-09-24,2020-10-24
20191,682,2019-05-21,2019-06-21
20192,804,2019-06-19,2019-07-19
20193,590,2021-09-23,2021-10-23
20194,301,2019-07-12,2019-08-12
20195,398,2019-05-28,2019-06-28
20196,507,2019-05-27,2019-06-27
20197,600,2020-06-17,2020-07-17
20198,122,2021-07-13,2021-08-13
20199,640,2018-07-21,2018-08-21
20200,422,2019-07-01,2019-08-01
20201,408,2018-08-15,2018-09-15
20202,457,2019-09-19,2019-10-19
20203,288,2020-05-16,2020-06-16
20205,789,2020-05-18,2020-06-18
20206,142,2020-07-14,2020-08-14
20207,479,2021-07-05,2021-08-05
20208,237,2021-07-10,2021-08-10
20209,183,2021-09-27,2021-10-27
20210,208,2020-09-10,2020-10-10
20211,56,2019-07-02,2019-08-02
20212,327,2019-09-20,2019-10-20
20213,857,2019-05-08,2019-06-08
20214,691,2020-05-28,2020-06-28
20215,714,2020-07-11,2020-08-11
20216,827,2020-05-12,2020-06-12
20217,830,2021-05-23,2021-06-23
20218,305,2019-08-27,2019-09-27
20219,77,2020-06-10,2020-07-10
20220,462,2018-08-12,2018-09-12
20221,211,2021-05-21,2021-06-21
20222,500,2021-05-13,2021-06-13
20223,396,2019-09-15,2019-10-15
20225,897,2020-09-16,2020-10-16
20226,876,2021-05-01,2021-06-01
20227,534,2019-09-30,2019-10-30
20228,256,2021-09-11,2021-10-11
20229,231,2021-09-19,2021-10-19
20230,630,2020-05-19,2020-06-19
20231,479,2021-09-05,2021-10-05
20232,46,2019-09-07,2019-10-07
20233,676,2021-07-03,2021-08-03
20234,825,2021-05-04,2021-06-04
20235,712,2021-05-14,2021-06-14
20236,463,2018-09-07,2018-10-07
20237,180,2021-09-29,2021-10-29
20238,595,2019-07-17,2019-08-17
20239,26,2019-09-18,2019-10-18
20240,737,2021-05-27,2021-06-27
20241,631,2019-07-10,2019-08-10
20242,609,2021-05-26,2021-06-26
20243,552,2019-07-23,2019-08-23
20244,723,2021-07-20,2021-08-20
20245,725,2020-05-27,2020-06-27
20246,867,2020-07-30,2020-08-30
20247,392,2019-05-04,2019-06-04
20248,201,2019-09-26,2019-10-26
20249,633,2021-07-17,2021-08-17
20250,657,2021-08-08,2021-09-08
20251,574,2021-07-07,2021-08-07
20252,847,2019-07-24,2019-08-24
20253,567,2019-09-24,2019-10-24
20254,237,2021-09-10,2021-10-10
20255,837,2019-07-18,2019-08-18
20256,449,2021-09-30,2021-10-30
20257,760,2021-09-17,2021-10-17
20258,147,2021-09-22,2021-10-22
20259,894,2019-09-28,2019-10-28
20260,304,2021-09-29,2021-10-29
20261,59,2018-09-06,2018-10-06
20262,80,2019-09-23,2019-10-23
20263,619,2019-05-28,2019-06-28
20264,69,2019-05-28,2019-06-28
20265,70,2019-05-07,2019-06-07
20266,837,2019-09-18,2019-10-18
20267,576,2021-05-25,2021-06-25
20268,775,2019-05-06,2019-06-06
20269,738,2018-09-11,2018-10-11
20270,629,2019-07-26,2019-08-26
20271,260,2019-07-02,2019-08-02
20272,852,2018-08-23,2018-09-23
20273,306,2020-08-27,2020-09-27
20274,385,2019-07-12,2019-08-12
20275,255,2021-07-23,2021-08-23
20276,739,2019-07-25,2019-08-25
20277,693,2020-05-24,2020-06-24
20278,526,2020-07-21,2020-08-21
20279,57,2018-05-13,2018-06-13
20280,791,2021-07-13,2021-08-13
20281,250,2020-05-02,2020-06-02
20282,190,2019-09-17,2019-10-17
20283,361,2021-07-15,2021-08-15
20284,576,2021-07-25,2021-08-25
20285,207,2020-05-27,2020-06-27
20286,78,2021-09-24,2021-10-24
20287,738,2019-05-11,2019-06-11
20288,677,2020-09-27,2020-10-27
20289,337,2019-05-17,2019-06-17
20290,845,2020-09-11,2020-10-11
20291,819,2020-08-09,2020-09-09
20292,426,2020-06-04,2020-07-04
20293,859,2019-05-15,2019-06-15
20294,409,2019-09-23,2019-10-23
20295,165,2020-07-20,2020-08-20
20296,440,2019-09-18,2019-10-18
20297,359,2019-09-14,2019-10-14
20298,738,2019-07-11,2019-08-11
20299,72,2020-07-18,2020-08-18
20300,741,2018-06-05,2018-07-05
20301,413,2020-07-10,2020-08-10
20302,32,2020-09-01,2020-10-01
20304,833,2019-09-24,2019-10-24
20305,741,2018-08-05,2018-09-05
20306,229,2020-08-29,2020-09-29
20307,780,2019-05-22,2019-06-22
20308,526,2020-09-21,2020-10-21
20309,840,2020-05-17,2020-06-17
20311,737,2021-07-27,2021-08-27
20312,139,2019-07-29,2019-08-29
20313,882,2020-09-15,2020-10-15
20314,154,2020-07-18,2020-08-18
20315,370,2019-09-12,2019-10-12
20316,876,2021-07-01,2021-08-01
20317,130,2021-09-07,2021-10-07
20318,623,2020-05-07,2020-06-07
20320,782,2019-05-16,2019-06-16
20321,247,2018-09-17,2018-10-17
20322,335,2021-05-08,2021-06-08
20323,808,2021-05-28,2021-06-28
20324,430,2021-07-16,2021-08-16
20325,211,2021-07-21,2021-08-21
20326,500,2021-07-13,2021-08-13
20327,55,2019-09-25,2019-10-25
20328,690,2018-09-04,2018-10-04
20329,635,2020-05-19,2020-06-19
20330,562,2020-07-15,2020-08-15
20331,67,2021-05-06,2021-06-06
20332,733,2021-05-15,2021-06-15
20333,317,2019-09-04,2019-10-04
20334,783,2021-09-06,2021-10-06
20336,410,2020-08-17,2020-09-17
20337,434,2020-09-25,2020-10-25
20338,420,2019-05-01,2019-06-01
20339,667,2020-07-19,2020-08-19
20340,125,2020-07-07,2020-08-07
20341,800,2021-08-17,2021-09-17
20342,651,2018-09-04,2018-10-04
20343,51,2020-07-07,2020-08-07
20344,427,2021-05-16,2021-06-16
20345,625,2021-07-08,2021-08-08
20346,100,2020-06-07,2020-07-07
20347,96,2020-07-24,2020-08-24
20348,848,2021-05-10,2021-06-10
20349,202,2020-05-14,2020-06-14
20350,696,2020-07-17,2020-08-17
20351,488,2020-08-18,2020-09-18
20352,117,2021-09-02,2021-10-02
20355,665,2020-07-18,2020-08-18
20356,443,2019-09-28,2019-10-28
20357,595,2019-09-17,2019-10-17
20358,631,2019-09-10,2019-10-10
20360,830,2021-07-23,2021-08-23
20361,325,2020-07-10,2020-08-10
20362,698,2019-07-22,2019-08-22
20363,81,2019-07-06,2019-08-06
20364,357,2020-08-06,2020-09-06
20365,216,2019-09-27,2019-10-27
20366,553,2018-08-01,2018-09-01
20367,104,2020-05-16,2020-06-16
20369,749,2021-05-24,2021-06-24
20370,739,2019-09-25,2019-10-25
20372,129,2019-08-07,2019-09-07
20373,285,2018-07-15,2018-08-15
20374,230,2019-09-14,2019-10-14
20375,679,2021-09-18,2021-10-18
20376,413,2020-09-10,2020-10-10
20377,589,2021-07-26,2021-08-26
20378,440,2020-05-18,2020-06-18
20379,516,2020-05-18,2020-06-18
20380,744,2020-09-01,2020-10-01
20381,12,2021-05-26,2021-06-26
20382,119,2018-09-27,2018-10-27
20383,859,2019-07-15,2019-08-15
20384,394,2020-09-12,2020-10-12
20385,633,2021-09-17,2021-10-17
20386,132,2020-05-19,2020-06-19
20387,747,2019-05-08,2019-06-08
20388,79,2019-08-02,2019-09-02
20389,169,2020-09-24,2020-10-24
20390,518,2020-07-09,2020-08-09
20391,833,2020-05-24,2020-06-24
20392,440,2020-07-18,2020-08-18
20393,120,2020-07-02,2020-08-02
20394,693,2020-07-24,2020-08-24
20395,597,2020-06-25,2020-07-25
20396,123,2020-07-04,2020-08-04
20397,664,2019-07-29,2019-08-29
20398,520,2020-07-19,2020-08-19
20399,820,2019-05-29,2019-06-29
20400,467,2020-05-27,2020-06-27
20401,547,2020-09-07,2020-10-07
20402,850,2021-05-16,2021-06-16
20403,325,2020-09-10,2020-10-10
20404,752,2020-05-16,2020-06-16
20406,358,2019-07-14,2019-08-14
20407,397,2020-07-02,2020-08-02
20408,13,2020-05-25,2020-06-25
20409,22,2020-07-09,2020-08-09
20410,335,2021-07-08,2021-08-08
20412,114,2021-09-17,2021-10-17
20413,408,2019-05-15,2019-06-15
20414,115,2021-09-08,2021-10-08
20415,323,2020-05-11,2020-06-11
20416,734,2020-09-04,2020-10-04
20417,177,2021-05-01,2021-06-01
20419,700,2019-08-03,2019-09-03
20420,142,2020-09-14,2020-10-14
20421,88,2019-09-24,2019-10-24
20422,278,2020-09-23,2020-10-23
20424,885,2020-05-22,2020-06-22
20425,561,2019-07-10,2019-08-10
20426,550,2019-09-29,2019-10-29
20427,749,2021-07-24,2021-08-24
20428,557,2021-07-01,2021-08-01
20429,520,2020-09-19,2020-10-19
20430,282,2021-05-22,2021-06-22
20431,236,2018-09-17,2018-10-17
20432,739,2020-05-25,2020-06-25
20433,71,2019-04-30,2019-05-31
20434,252,2019-09-07,2019-10-07
20435,767,2021-07-28,2021-08-28
20437,677,2021-05-26,2021-06-26
20438,281,2018-08-13,2018-09-13
20439,528,2020-05-14,2020-06-14
20440,431,2020-07-24,2020-08-24
20441,592,2020-09-08,2020-10-08
20442,35,2019-07-01,2019-08-01
20443,210,2019-05-04,2019-06-04
20444,392,2019-07-04,2019-08-04
20446,359,2020-05-14,2020-06-14
20447,609,2021-07-26,2021-08-26
20448,851,2021-09-22,2021-10-22
20449,889,2018-07-26,2018-08-26
20450,379,2021-07-07,2021-08-07
20451,519,2020-05-06,2020-06-06
20452,614,2020-09-22,2020-10-22
20453,470,2021-09-08,2021-10-08
20454,275,2021-07-25,2021-08-25
20456,537,2019-07-29,2019-08-29
20458,135,2019-07-20,2019-08-20
20459,577,2019-09-15,2019-10-15
20460,419,2020-05-01,2020-06-01
20461,332,2020-05-11,2020-06-11
20462,26,2020-05-18,2020-06-18
20463,60,2021-05-03,2021-06-03
20464,230,2020-05-14,2020-06-14
20465,486,2020-05-10,2020-06-10
20466,432,2020-07-03,2020-08-03
20467,184,2020-05-16,2020-06-16
20468,767,2021-09-28,2021-10-28
20469,207,2020-07-27,2020-08-27
20470,778,2021-07-02,2021-08-02
20471,64,2021-07-22,2021-08-22
20472,442,2019-09-26,2019-10-26
20473,327,2020-05-20,2020-06-20
20475,690,2019-05-04,2019-06-04
20476,749,2021-09-24,2021-10-24
20477,734,2021-05-04,2021-06-04
20478,845,2021-05-11,2021-06-11
20479,160,2021-07-07,2021-08-07
20480,356,2020-09-28,2020-10-28
20482,376,2021-04-30,2021-05-31
20483,849,2019-07-26,2019-08-26
20484,533,2020-05-27,2020-06-27
20485,59,2019-05-06,2019-06-06
20486,337,2019-07-17,2019-08-17
20487,451,2021-05-05,2021-06-05
20488,153,2021-07-11,2021-08-11
20489,651,2019-05-04,2019-06-04
20490,554,2021-09-21,2021-10-21
20491,653,2019-07-10,2019-08-10
20492,396,2020-05-15,2020-06-15
20493,440,2020-09-18,2020-10-18
20494,235,2019-08-09,2019-09-09
20495,419,2020-07-01,2020-08-01
20497,53,2020-07-17,2020-08-17
20498,283,2019-09-21,2019-10-21
20499,881,2019-05-15,2019-06-15
20500,849,2019-09-26,2019-10-26
20501,845,2021-07-11,2021-08-11
20502,294,2021-07-15,2021-08-15
20503,123,2020-09-04,2020-10-04
20504,701,2019-08-15,2019-09-15
20505,191,2019-09-03,2019-10-03
20506,212,2021-07-16,2021-08-16
20507,278,2021-05-23,2021-06-23
20508,560,2021-07-05,2021-08-05
20509,853,2020-09-17,2020-10-17
20510,630,2020-07-19,2020-08-19
20511,594,2021-09-08,2021-10-08
20512,576,2021-09-25,2021-10-25
20513,447,2019-09-10,2019-10-10
20514,244,2021-06-30,2021-07-31
20515,477,2021-09-24,2021-10-24
20517,21,2019-05-30,2019-06-30
20518,548,2019-09-08,2019-10-08
20520,44,2019-07-16,2019-08-16
20521,623,2020-07-07,2020-08-07
20522,805,2021-05-06,2021-06-06
20523,791,2021-09-13,2021-10-13
20524,421,2021-09-11,2021-10-11
20525,86,2021-09-25,2021-10-25
20526,637,2020-09-11,2020-10-11
20527,809,2021-09-13,2021-10-13
20528,572,2020-04-30,2020-05-31
20530,439,2021-09-01,2021-10-01
20531,562,2020-09-15,2020-10-15
20532,44,2019-09-16,2019-10-16
20533,448,2021-07-14,2021-08-14
20534,667,2020-09-19,2020-10-19
20535,473,2019-07-01,2019-08-01
20537,603,2020-08-04,2020-09-04
20538,425,2020-09-17,2020-10-17
20539,877,2019-07-14,2019-08-14
20540,175,2018-07-17,2018-08-17
20541,248,2021-07-20,2021-08-20
20542,93,2021-09-15,2021-10-15
20543,674,2018-09-24,2018-10-24
20544,696,2020-09-17,2020-10-17
20545,451,2021-07-05,2021-08-05
20546,24,2021-09-17,2021-10-17
20547,725,2020-07-27,2020-08-27
20548,650,2021-09-20,2021-10-20
20549,536,2020-07-08,2020-08-08
20550,199,2020-05-27,2020-06-27
20553,17,2018-09-09,2018-10-09
20554,70,2019-07-07,2019-08-07
20555,664,2019-09-29,2019-10-29
20556,222,2019-09-13,2019-10-13
20557,766,2021-09-14,2021-10-14
20558,295,2019-07-14,2019-08-14
20559,319,2019-09-24,2019-10-24
20560,83,2021-07-10,2021-08-10
20561,302,2021-05-13,2021-06-13
20562,310,2020-07-18,2020-08-18
20563,461,2019-07-26,2019-08-26
20564,330,2021-07-07,2021-08-07
20566,373,2019-07-04,2019-08-04
20567,604,2018-08-10,2018-09-10
20568,558,2021-07-15,2021-08-15
20570,166,2020-09-01,2020-10-01
20571,721,2021-09-18,2021-10-18
20572,689,2019-05-23,2019-06-23
20573,314,2018-09-18,2018-10-18
20574,815,2021-07-28,2021-08-28
20575,592,2021-05-08,2021-06-08
20576,474,2019-07-23,2019-08-23
20577,505,2020-07-09,2020-08-09
20578,398,2019-07-28,2019-08-28
20579,149,2021-08-03,2021-09-03
20580,662,2021-07-12,2021-08-12
20581,734,2021-07-04,2021-08-04
20582,248,2021-09-20,2021-10-20
20583,49,2020-07-17,2020-08-17
20584,95,2021-05-23,2021-06-23
20585,165,2020-09-20,2020-10-20
20586,794,2018-09-15,2018-10-15
20587,889,2018-09-26,2018-10-26
20588,81,2019-09-06,2019-10-06
20590,889,2019-05-26,2019-06-26
20591,882,2021-05-15,2021-06-15
20592,357,2021-05-06,2021-06-06
20593,264,2019-08-04,2019-09-04
20594,187,2020-09-20,2020-10-20
20595,659,2021-09-08,2021-10-08
20597,138,2021-05-26,2021-06-26
20598,853,2021-05-17,2021-06-17
20599,490,2018-06-04,2018-07-04
20600,567,2020-05-24,2020-06-24
20601,500,2021-09-13,2021-10-13
20602,66,2020-07-06,2020-08-06
20603,660,2020-09-06,2020-10-06
20604,340,2020-08-07,2020-09-07
20605,810,2019-09-26,2019-10-26
20606,402,2020-05-19,2020-06-19
20607,230,2020-07-14,2020-08-14
20609,739,2020-07-25,2020-08-25
20610,882,2021-07-15,2021-08-15
20611,60,2021-07-03,2021-08-03
20612,94,2021-05-26,2021-06-26
20613,803,2019-05-04,2019-06-04
20615,226,2018-08-05,2018-09-05
20616,200,2019-05-21,2019-06-21
20617,96,2020-09-24,2020-10-24
20618,892,2021-09-24,2021-10-24
20619,208,2021-05-10,2021-06-10
20620,834,2020-09-27,2020-10-27
20621,275,2021-09-25,2021-10-25
20622,431,2020-09-24,2020-10-24
20623,662,2021-09-12,2021-10-12
20624,837,2020-05-18,2020-06-18
20625,203,2019-07-17,2019-08-17
20626,614,2021-05-22,2021-06-22
20627,564,2021-05-03,2021-06-03
20628,667,2021-05-19,2021-06-19
20629,267,2021-09-29,2021-10-29
20631,595,2020-05-17,2020-06-17
20632,737,2021-09-27,2021-10-27
20633,315,2020-09-07,2020-10-07
20634,653,2019-09-10,2019-10-10
20635,866,2021-09-22,2021-10-22
20636,234,2021-07-27,2021-08-27
20637,847,2019-09-24,2019-10-24
20638,564,2021-07-03,2021-08-03
20639,55,2020-05-25,2020-06-25
20640,617,2021-05-15,2021-06-15
20642,482,2020-05-28,2020-06-28
20643,713,2021-09-16,2021-10-16
20644,423,2021-09-05,2021-10-05
20645,122,2021-09-13,2021-10-13
20646,234,2021-09-27,2021-10-27
20647,824,2021-05-21,2021-06-21
20648,48,2019-05-08,2019-06-08
20650,295,2019-09-14,2019-10-14
20652,821,2019-07-20,2019-08-20
20653,504,2021-09-17,2021-10-17
20654,595,2020-07-17,2020-08-17
20656,65,2020-06-17,2020-07-17
20657,507,2019-07-27,2019-08-27
20658,77,2020-08-10,2020-09-10
20659,627,2018-09-19,2018-10-19
20660,854,2021-07-12,2021-08-12
20661,472,2020-05-23,2020-06-23
20662,780,2019-07-22,2019-08-22
20663,187,2021-05-20,2021-06-20
20664,48,2019-07-08,2019-08-08
20665,459,2020-09-25,2020-10-25
20666,490,2018-08-04,2018-09-04
20667,595,2020-09-17,2020-10-17
20668,660,2021-05-06,2021-06-06
20669,55,2020-07-25,2020-08-25
20670,561,2019-09-10,2019-10-10
20671,324,2019-07-12,2019-08-12
20672,746,2019-09-03,2019-10-03
20673,136,2019-05-20,2019-06-20
20674,434,2021-05-25,2021-06-25
20675,331,2021-07-25,2021-08-25
20676,821,2019-09-20,2019-10-20
20678,781,2019-07-18,2019-08-18
20680,769,2021-07-06,2021-08-06
20681,752,2020-07-16,2020-08-16
20682,287,2021-09-23,2021-10-23
20683,595,2021-05-17,2021-06-17
20684,221,2019-07-25,2019-08-25
20686,356,2021-05-27,2021-06-27
20687,489,2021-07-10,2021-08-10
20688,814,2020-07-23,2020-08-23
20689,20,2019-07-15,2019-08-15
20690,325,2021-05-10,2021-06-10
20691,176,2019-09-02,2019-10-02
20693,773,2018-08-15,2018-09-15
20694,424,2020-09-11,2020-10-11
20695,563,2020-09-30,2020-10-30
20696,312,2020-07-09,2020-08-09
20697,673,2021-09-09,2021-10-09
20698,230,2020-09-14,2020-10-14
20699,438,2021-05-08,2021-06-08
20701,325,2021-07-10,2021-08-10
20702,48,2019-09-08,2019-10-08
20703,558,2021-09-15,2021-10-15
20704,774,2018-09-05,2018-10-05
20705,741,2019-05-05,2019-06-05
20706,415,2019-09-26,2019-10-26
20707,171,2019-07-04,2019-08-04
20708,12,2021-07-26,2021-08-26
20709,217,2021-05-21,2021-06-21
20710,557,2021-09-01,2021-10-01
20712,862,2020-05-27,2020-06-27
20713,211,2021-09-21,2021-10-21
20714,228,2021-05-25,2021-06-25
20715,77,2021-05-10,2021-06-10
20716,189,2020-09-15,2020-10-15
20717,190,2020-05-17,2020-06-17
20718,15,2019-05-18,2019-06-18
20719,682,2019-07-21,2019-08-21
20720,881,2019-07-15,2019-08-15
20721,781,2019-09-18,2019-10-18
20722,726,2018-05-25,2018-06-25
20724,765,2020-05-28,2020-06-28
20725,562,2021-05-15,2021-06-15
20726,483,2020-09-10,2020-10-10
20727,243,2020-07-15,2020-08-15
20728,740,2018-07-22,2018-08-22
20729,101,2020-09-20,2020-10-20
20730,221,2019-09-25,2019-10-25
20731,414,2021-09-18,2021-10-18
20732,175,2018-09-17,2018-10-17
20733,828,2020-05-23,2020-06-23
20734,425,2021-05-17,2021-06-17
20735,448,2021-09-14,2021-10-14
20736,37,2019-09-27,2019-10-27
20737,693,2020-09-24,2020-10-24
20738,857,2019-07-08,2019-08-08
20739,566,2018-09-25,2018-10-25
20740,838,2020-09-23,2020-10-23
20741,46,2020-05-07,2020-06-07
20742,280,2018-09-11,2018-10-11
20743,372,2020-05-04,2020-06-04
20744,66,2020-09-06,2020-10-06
20745,463,2019-05-07,2019-06-07
20746,745,2020-05-05,2020-06-05
20747,789,2020-07-18,2020-08-18
20748,547,2021-05-07,2021-06-07
20749,300,2020-07-06,2020-08-06
20750,888,2021-05-20,2021-06-20
20752,819,2021-05-09,2021-06-09
20753,285,2018-09-15,2018-10-15
20754,338,2020-09-13,2020-10-13
20755,891,2019-09-15,2019-10-15
20756,243,2020-09-15,2020-10-15
20757,90,2020-09-20,2020-10-20
20759,648,2020-07-25,2020-08-25
20760,491,2018-05-28,2018-06-28
20761,13,2020-07-25,2020-08-25
20762,816,2020-08-01,2020-09-01
20763,544,2019-09-25,2019-10-25
20764,377,2019-05-13,2019-06-13
20766,805,2021-07-06,2021-08-06
20767,31,2020-07-19,2020-08-19
20768,222,2020-05-13,2020-06-13
20769,213,2019-05-23,2019-06-23
20770,550,2020-05-28,2020-06-28
20771,567,2020-07-24,2020-08-24
20772,168,2020-07-16,2020-08-16
20773,123,2021-05-04,2021-06-04
20774,221,2020-05-25,2020-06-25
20775,724,2021-05-14,2021-06-14
20777,204,2021-09-07,2021-10-07
20778,896,2018-09-06,2018-10-06
20779,79,2020-05-02,2020-06-02
20780,869,2021-07-27,2021-08-27
20781,222,2020-07-13,2020-08-13
20782,418,2019-05-10,2019-06-10
20783,132,2020-07-19,2020-08-19
20784,845,2021-09-11,2021-10-11
20785,40,2020-09-12,2020-10-12
20786,166,2021-05-01,2021-06-01
20787,739,2020-09-25,2020-10-25
20789,156,2019-09-28,2019-10-28
20790,75,2019-09-12,2019-10-12
20791,266,2019-09-08,2019-10-08
20792,873,2020-09-10,2020-10-10
20793,334,2021-05-08,2021-06-08
20794,160,2021-09-07,2021-10-07
20795,48,2020-05-08,2020-06-08
20796,379,2021-09-07,2021-10-07
20797,810,2020-05-26,2020-06-26
20799,547,2021-07-07,2021-08-07
20800,156,2020-05-27,2020-06-27
20801,221,2020-07-25,2020-08-25
20802,733,2021-07-15,2021-08-15
20803,346,2021-09-19,2021-10-19
20804,648,2020-09-25,2020-10-25
20805,261,2020-08-10,2020-09-10
20806,548,2020-05-08,2020-06-08
20808,104,2020-07-16,2020-08-16
20809,20,2019-09-15,2019-10-15
20810,186,2018-07-29,2018-08-29
20811,85,2021-07-24,2021-08-24
20812,109,2021-05-23,2021-06-23
20813,48,2020-07-08,2020-08-08
20816,145,2020-07-28,2020-08-28
20817,360,2018-09-15,2018-10-15
20819,831,2021-07-05,2021-08-05
20820,459,2021-05-25,2021-06-25
20821,445,2019-05-13,2019-06-13
20822,129,2020-05-07,2020-06-07
20823,841,2021-05-13,2021-06-13
20824,865,2021-05-16,2021-06-16
20825,664,2020-05-28,2020-06-28
20826,709,2021-07-07,2021-08-07
20828,475,2020-05-09,2020-06-09
20829,29,2020-08-02,2020-09-02
20830,213,2019-07-23,2019-08-23
20831,225,2019-07-18,2019-08-18
20832,317,2020-05-04,2020-06-04
20833,58,2019-07-01,2019-08-01
20834,894,2020-05-27,2020-06-27
20835,459,2021-07-25,2021-08-25
20836,443,2020-05-27,2020-06-27
20837,77,2021-07-10,2021-08-10
20838,627,2019-05-19,2019-06-19
20839,389,2020-05-12,2020-06-12
20840,502,2021-07-22,2021-08-22
20842,245,2019-07-13,2019-08-13
20843,821,2020-05-20,2020-06-20
20844,219,2019-07-29,2019-08-29
20845,723,2021-09-20,2021-10-20
20846,293,2021-05-02,2021-06-02
20847,652,2020-05-04,2020-06-04
20848,856,2019-05-16,2019-06-16
20849,894,2020-07-27,2020-08-27
20850,891,2020-05-15,2020-06-15
20851,63,2019-09-07,2019-10-07
20852,736,2021-08-31,2021-10-01
20853,616,2021-04-30,2021-05-31
20854,104,2020-09-16,2020-10-16
20855,442,2020-05-26,2020-06-26
20856,824,2021-07-21,2021-08-21
20857,247,2019-05-17,2019-06-17
20858,774,2019-05-05,2019-06-05
20859,701,2020-05-15,2020-06-15
20860,252,2020-05-07,2020-06-07
20861,338,2021-05-13,2021-06-13
20862,849,2020-05-26,2020-06-26